assignedOlHex1,assignedOlHex2,bodyId,flywireType,group,instance,somaSide,statusLabel,superclass,type,vfbId,hemibrainType,itoleeHl,supertype,birthtime,mancBodyid,mancGroup,mancType,subclass,synonyms,class,rootSide,somaNeuromere,trumanHl,dimorphism,matchingNotes,entryNerve,mancSerial,mcnsSerial,serialMotif,fruDsx,exitNerve,receptorType,somaLocation,tosomaLocation,status,in_graph,to_leg_motor_hops
12.0,26.0,10350,L2,10350.0,L2_L,L,Prelim Roughly traced,ol_intrinsic,L2,VFB_jrmc2fdo,,,,,,,,,,,,,,,,,,,,,,,,,Traced,True,3
5.0,9.0,10605,L2,10350.0,L2_L,L,Prelim Roughly traced,ol_intrinsic,L2,VFB_jrmc2fna,,,,,,,,,,,,,,,,,,,,,,,,,Traced,True,4
20.0,12.0,11045,L2,10350.0,L2_L,L,Prelim Roughly traced,ol_intrinsic,L2,VFB_jrmc2g6x,,,,,,,,,,,,,,,,,,,,,,,,,Traced,True,3
15.0,30.0,11069,L2,10350.0,L2_L,L,Prelim Roughly traced,ol_intrinsic,L2,VFB_jrmc2fao,,,,,,,,,,,,,,,,,,,,,,,,,Traced,True,3
15.0,32.0,12029,L2,10350.0,L2_L,L,Prelim Roughly traced,ol_intrinsic,L2,VFB_jrmc2evb,,,,,,,,,,,,,,,,,,,,,,,[93204 26904 30792],,Traced,True,3
11.0,16.0,12045,L2,10350.0,L2_L,L,Prelim Roughly traced,ol_intrinsic,L2,VFB_jrmc2f94,,,,,,,,,,,,,,,,,,,,,,,,,Traced,True,3
20.0,10.0,12165,L2,10350.0,L2_L,L,Prelim Roughly traced,ol_intrinsic,L2,VFB_jrmc2fne,,,,,,,,,,,,,,,,,,,,,,,,,Traced,True,3
18.0,16.0,12383,L2,10350.0,L2_L,L,Reviewed,ol_intrinsic,L2,VFB_jrmc2g1w,,,,,,,,,,,,,,,,,,,,,,,,,Traced,True,4
19.0,31.0,12392,L2,10350.0,L2_L,L,Prelim Roughly traced,ol_intrinsic,L2,VFB_jrmc2eyk,,,,,,,,,,,,,,,,,,,,,,,,,Traced,True,3
10.0,26.0,12482,L2,10350.0,L2_L,L,Prelim Roughly traced,ol_intrinsic,L2,VFB_jrmc2fk2,,,,,,,,,,,,,,,,,,,,,,,,,Traced,True,3
24.0,17.0,12699,L2,10350.0,L2_L,L,Prelim Roughly traced,ol_intrinsic,L2,VFB_jrmc2ev1,,,,,,,,,,,,,,,,,,,,,,,,,Traced,True,3
14.0,28.0,12828,L2,10350.0,L2_L,L,Prelim Roughly traced,ol_intrinsic,L2,VFB_jrmc2fvo,,,,,,,,,,,,,,,,,,,,,,,,,Traced,True,3
25.0,14.0,12871,L2,10350.0,L2_L,L,Prelim Roughly traced,ol_intrinsic,L2,VFB_jrmc2fxs,,,,,,,,,,,,,,,,,,,,,,,,,Traced,True,3
13.0,26.0,12960,L2,10350.0,L2_L,L,Prelim Roughly traced,ol_intrinsic,L2,VFB_jrmc2g32,,,,,,,,,,,,,,,,,,,,,,,,,Traced,True,3
22.0,22.0,13081,L2,10350.0,L2_L,L,Prelim Roughly traced,ol_intrinsic,L2,VFB_jrmc2fah,,,,,,,,,,,,,,,,,,,,,,,,,Traced,True,3
17.0,32.0,13169,L2,10350.0,L2_L,L,Reviewed,ol_intrinsic,L2,VFB_jrmc2fq9,,,,,,,,,,,,,,,,,,,,,,,,,Traced,True,3
24.0,12.0,13175,L2,10350.0,L2_L,L,Prelim Roughly traced,ol_intrinsic,L2,VFB_jrmc2g52,,,,,,,,,,,,,,,,,,,,,,,,,Traced,True,3
11.0,29.0,13224,L2,10350.0,L2_L,L,Prelim Roughly traced,ol_intrinsic,L2,VFB_jrmc2ez4,,,,,,,,,,,,,,,,,,,,,,,,,Traced,True,3
32.0,32.0,13332,L2,10350.0,L2_L,L,Prelim Roughly traced,ol_intrinsic,L2,VFB_jrmc2f18,,,,,,,,,,,,,,,,,,,,,,,,,Traced,True,3
31.0,20.0,13606,L2,10350.0,L2_L,L,Prelim Roughly traced,ol_intrinsic,L2,VFB_jrmc2g2f,,,,,,,,,,,,,,,,,,,,,,,,,Traced,True,4
21.0,23.0,13609,L2,10350.0,L2_L,L,Prelim Roughly traced,ol_intrinsic,L2,VFB_jrmc2f8o,,,,,,,,,,,,,,,,,,,,,,,,,Traced,True,4
11.0,24.0,13848,L2,10350.0,L2_L,L,Prelim Roughly traced,ol_intrinsic,L2,VFB_jrmc2f3v,,,,,,,,,,,,,,,,,,,,,,,,,Traced,True,3
18.0,19.0,13908,L2,10350.0,L2_L,L,Prelim Roughly traced,ol_intrinsic,L2,VFB_jrmc2f48,,,,,,,,,,,,,,,,,,,,,,,,,Traced,True,4
29.0,34.0,13928,L2,10350.0,L2_L,L,Prelim Roughly traced,ol_intrinsic,L2,VFB_jrmc2fyh,,,,,,,,,,,,,,,,,,,,,,,,,Traced,True,3
12.0,25.0,13950,L2,10350.0,L2_L,L,Prelim Roughly traced,ol_intrinsic,L2,VFB_jrmc2f1a,,,,,,,,,,,,,,,,,,,,,,,,,Traced,True,3
25.0,21.0,14189,L2,10350.0,L2_L,L,Prelim Roughly traced,ol_intrinsic,L2,VFB_jrmc2g3o,,,,,,,,,,,,,,,,,,,,,,,,,Traced,True,4
18.0,32.0,14211,L2,10350.0,L2_L,L,Prelim Roughly traced,ol_intrinsic,L2,VFB_jrmc2f0o,,,,,,,,,,,,,,,,,,,,,,,,,Traced,True,3
13.0,30.0,14312,L2,10350.0,L2_L,L,Prelim Roughly traced,ol_intrinsic,L2,VFB_jrmc2fn6,,,,,,,,,,,,,,,,,,,,,,,,,Traced,True,3
8.0,23.0,14313,L2,10350.0,L2_L,L,Prelim Roughly traced,ol_intrinsic,L2,VFB_jrmc2f2n,,,,,,,,,,,,,,,,,,,,,,,,,Traced,True,3
33.0,27.0,14329,L2,10350.0,L2_L,L,Prelim Roughly traced,ol_intrinsic,L2,VFB_jrmc2fvh,,,,,,,,,,,,,,,,,,,,,,,[80356 21572 19152],,Traced,True,3
7.0,17.0,14413,L2,10350.0,L2_L,L,Prelim Roughly traced,ol_intrinsic,L2,VFB_jrmc2fb8,,,,,,,,,,,,,,,,,,,,,,,,,Traced,True,3
26.0,15.0,14426,L2,10350.0,L2_L,L,Prelim Roughly traced,ol_intrinsic,L2,VFB_jrmc2f13,,,,,,,,,,,,,,,,,,,,,,,,,Traced,True,4
9.0,22.0,14473,L2,10350.0,L2_L,L,Prelim Roughly traced,ol_intrinsic,L2,VFB_jrmc2fec,,,,,,,,,,,,,,,,,,,,,,,,,Traced,True,3
20.0,19.0,14476,L2,10350.0,L2_L,L,Prelim Roughly traced,ol_intrinsic,L2,VFB_jrmc2fve,,,,,,,,,,,,,,,,,,,,,,,,,Traced,True,4
12.0,28.0,14556,L2,10350.0,L2_L,L,Prelim Roughly traced,ol_intrinsic,L2,VFB_jrmc2fqq,,,,,,,,,,,,,,,,,,,,,,,,,Traced,True,3
23.0,16.0,14558,L2,10350.0,L2_L,L,Prelim Roughly traced,ol_intrinsic,L2,VFB_jrmc2g49,,,,,,,,,,,,,,,,,,,,,,,,,Traced,True,4
18.0,13.0,14622,L2,10350.0,L2_L,L,Prelim Roughly traced,ol_intrinsic,L2,VFB_jrmc2f8p,,,,,,,,,,,,,,,,,,,,,,,,,Traced,True,4
26.0,14.0,14632,L2,10350.0,L2_L,L,Prelim Roughly traced,ol_intrinsic,L2,VFB_jrmc2g2q,,,,,,,,,,,,,,,,,,,,,,,,,Traced,True,4
28.0,21.0,14696,L2,10350.0,L2_L,L,Prelim Roughly traced,ol_intrinsic,L2,VFB_jrmc2g3w,,,,,,,,,,,,,,,,,,,,,,,,,Traced,True,4
23.0,34.0,14720,L2,10350.0,L2_L,L,Prelim Roughly traced,ol_intrinsic,L2,VFB_jrmc2f3x,,,,,,,,,,,,,,,,,,,,,,,,,Traced,True,3
19.0,11.0,14739,L2,10350.0,L2_L,L,Prelim Roughly traced,ol_intrinsic,L2,VFB_jrmc2f6h,,,,,,,,,,,,,,,,,,,,,,,,,Traced,True,4
10.0,27.0,14763,L2,10350.0,L2_L,L,Prelim Roughly traced,ol_intrinsic,L2,VFB_jrmc2fta,,,,,,,,,,,,,,,,,,,,,,,,,Traced,True,3
22.0,34.0,14770,L2,10350.0,L2_L,L,Prelim Roughly traced,ol_intrinsic,L2,VFB_jrmc2eu7,,,,,,,,,,,,,,,,,,,,,,,[91909 22339 29691],,Traced,True,3
29.0,29.0,14788,L2,10350.0,L2_L,L,Prelim Roughly traced,ol_intrinsic,L2,VFB_jrmc2f08,,,,,,,,,,,,,,,,,,,,,,,,,Traced,True,3
21.0,32.0,14791,L2,10350.0,L2_L,L,Prelim Roughly traced,ol_intrinsic,L2,VFB_jrmc2g5q,,,,,,,,,,,,,,,,,,,,,,,[91162 22988 27624],,Traced,True,3
16.0,7.0,14904,L2,10350.0,L2_L,L,Prelim Roughly traced,ol_intrinsic,L2,VFB_jrmc2fxd,,,,,,,,,,,,,,,,,,,,,,,,,Traced,True,3
22.0,14.0,14915,L2,10350.0,L2_L,L,Prelim Roughly traced,ol_intrinsic,L2,VFB_jrmc2f2s,,,,,,,,,,,,,,,,,,,,,,,,,Traced,True,4
26.0,28.0,14931,L2,10350.0,L2_L,L,Prelim Roughly traced,ol_intrinsic,L2,VFB_jrmc2fdn,,,,,,,,,,,,,,,,,,,,,,,,,Traced,True,4
32.0,24.0,15015,L2,10350.0,L2_L,L,Prelim Roughly traced,ol_intrinsic,L2,VFB_jrmc2fwk,,,,,,,,,,,,,,,,,,,,,,,,,Traced,True,3
23.0,22.0,15033,L2,10350.0,L2_L,L,Prelim Roughly traced,ol_intrinsic,L2,VFB_jrmc2ez0,,,,,,,,,,,,,,,,,,,,,,,,,Traced,True,4
34.0,27.0,15111,L2,10350.0,L2_L,L,Prelim Roughly traced,ol_intrinsic,L2,VFB_jrmc2exd,,,,,,,,,,,,,,,,,,,,,,,[81030 21412 19556],,Traced,True,3
27.0,23.0,15120,L2,10350.0,L2_L,L,Prelim Roughly traced,ol_intrinsic,L2,VFB_jrmc2fxv,,,,,,,,,,,,,,,,,,,,,,,,,Traced,True,4
16.0,15.0,15135,L2,10350.0,L2_L,L,Prelim Roughly traced,ol_intrinsic,L2,VFB_jrmc2evl,,,,,,,,,,,,,,,,,,,,,,,,,Traced,True,4
25.0,11.0,15223,L2,10350.0,L2_L,L,Prelim Roughly traced,ol_intrinsic,L2,VFB_jrmc2fjw,,,,,,,,,,,,,,,,,,,,,,,,,Traced,True,4
9.0,24.0,15317,L2,10350.0,L2_L,L,Prelim Roughly traced,ol_intrinsic,L2,VFB_jrmc2f16,,,,,,,,,,,,,,,,,,,,,,,,,Traced,True,3
11.0,27.0,15378,L2,10350.0,L2_L,L,Prelim Roughly traced,ol_intrinsic,L2,VFB_jrmc2fqv,,,,,,,,,,,,,,,,,,,,,,,,,Traced,True,3
29.0,21.0,15477,L2,10350.0,L2_L,L,Prelim Roughly traced,ol_intrinsic,L2,VFB_jrmc2g30,,,,,,,,,,,,,,,,,,,,,,,,,Traced,True,4
12.0,30.0,15555,L2,10350.0,L2_L,L,Prelim Roughly traced,ol_intrinsic,L2,VFB_jrmc2f4c,,,,,,,,,,,,,,,,,,,,,,,,,Traced,True,3
33.0,30.0,15596,L2,10350.0,L2_L,L,Prelim Roughly traced,ol_intrinsic,L2,VFB_jrmc2fs9,,,,,,,,,,,,,,,,,,,,,,,,,Traced,True,3
24.0,31.0,15722,L2,10350.0,L2_L,L,Prelim Roughly traced,ol_intrinsic,L2,VFB_jrmc2fd2,,,,,,,,,,,,,,,,,,,,,,,,,Traced,True,3
28.0,25.0,15726,L2,10350.0,L2_L,L,Prelim Roughly traced,ol_intrinsic,L2,VFB_jrmc2f4y,,,,,,,,,,,,,,,,,,,,,,,,,Traced,True,3
32.0,25.0,15813,L2,10350.0,L2_L,L,Prelim Roughly traced,ol_intrinsic,L2,VFB_jrmc2f6w,,,,,,,,,,,,,,,,,,,,,,,,,Traced,True,3
21.0,30.0,15819,L2,10350.0,L2_L,L,Prelim Roughly traced,ol_intrinsic,L2,VFB_jrmc2f7f,,,,,,,,,,,,,,,,,,,,,,,,,Traced,True,3
10.0,22.0,15894,L2,10350.0,L2_L,L,Prelim Roughly traced,ol_intrinsic,L2,VFB_jrmc2fp0,,,,,,,,,,,,,,,,,,,,,,,,,Traced,True,3
30.0,18.0,15948,L2,10350.0,L2_L,L,Prelim Roughly traced,ol_intrinsic,L2,VFB_jrmc2fed,,,,,,,,,,,,,,,,,,,,,,,,,Traced,True,4
28.0,23.0,15954,L2,10350.0,L2_L,L,Prelim Roughly traced,ol_intrinsic,L2,VFB_jrmc2fsg,,,,,,,,,,,,,,,,,,,,,,,,,Traced,True,3
24.0,21.0,15989,L2,10350.0,L2_L,L,Prelim Roughly traced,ol_intrinsic,L2,VFB_jrmc2fhb,,,,,,,,,,,,,,,,,,,,,,,,,Traced,True,4
24.0,32.0,16027,L2,10350.0,L2_L,L,Prelim Roughly traced,ol_intrinsic,L2,VFB_jrmc2fd7,,,,,,,,,,,,,,,,,,,,,,,[89804 21626 25904],,Traced,True,3
30.0,30.0,16090,L2,10350.0,L2_L,L,Prelim Roughly traced,ol_intrinsic,L2,VFB_jrmc2f9h,,,,,,,,,,,,,,,,,,,,,,,,,Traced,True,3
9.0,27.0,16177,L2,10350.0,L2_L,L,Prelim Roughly traced,ol_intrinsic,L2,VFB_jrmc2evh,,,,,,,,,,,,,,,,,,,,,,,,,Traced,True,3
11.0,18.0,16255,L2,10350.0,L2_L,L,Prelim Roughly traced,ol_intrinsic,L2,VFB_jrmc2fck,,,,,,,,,,,,,,,,,,,,,,,,,Traced,True,3
6.0,10.0,16265,L2,10350.0,L2_L,L,Prelim Roughly traced,ol_intrinsic,L2,VFB_jrmc2f6f,,,,,,,,,,,,,,,,,,,,,,,,,Traced,True,3
13.0,18.0,16287,L2,10350.0,L2_L,L,Prelim Roughly traced,ol_intrinsic,L2,VFB_jrmc2f2g,,,,,,,,,,,,,,,,,,,,,,,,,Traced,True,4
16.0,31.0,16299,L2,10350.0,L2_L,L,Prelim Roughly traced,ol_intrinsic,L2,VFB_jrmc2g6l,,,,,,,,,,,,,,,,,,,,,,,,,Traced,True,3
15.0,31.0,16337,L2,10350.0,L2_L,L,Prelim Roughly traced,ol_intrinsic,L2,VFB_jrmc2fx9,,,,,,,,,,,,,,,,,,,,,,,[93246 27740 30488],,Traced,True,3
14.0,31.0,16347,L2,10350.0,L2_L,L,Prelim Roughly traced,ol_intrinsic,L2,VFB_jrmc2g5o,,,,,,,,,,,,,,,,,,,,,,,,,Traced,True,3
30.0,24.0,16431,L2,10350.0,L2_L,L,Prelim Roughly traced,ol_intrinsic,L2,VFB_jrmc2fm0,,,,,,,,,,,,,,,,,,,,,,,,,Traced,True,3
31.0,21.0,16444,L2,10350.0,L2_L,L,Prelim Roughly traced,ol_intrinsic,L2,VFB_jrmc2fn8,,,,,,,,,,,,,,,,,,,,,,,,,Traced,True,4
8.0,24.0,16484,L2,10350.0,L2_L,L,Prelim Roughly traced,ol_intrinsic,L2,VFB_jrmc2g07,,,,,,,,,,,,,,,,,,,,,,,,,Traced,True,3
23.0,31.0,16581,L2,10350.0,L2_L,L,Prelim Roughly traced,ol_intrinsic,L2,VFB_jrmc2fsp,,,,,,,,,,,,,,,,,,,,,,,,,Traced,True,3
33.0,29.0,16686,L2,10350.0,L2_L,L,Prelim Roughly traced,ol_intrinsic,L2,VFB_jrmc2fzr,,,,,,,,,,,,,,,,,,,,,,,,,Traced,True,3
3.0,12.0,16791,L2,10350.0,L2_L,L,Prelim Roughly traced,ol_intrinsic,L2,VFB_jrmc2ezv,,,,,,,,,,,,,,,,,,,,,,,,,Traced,True,4
16.0,24.0,16851,L2,10350.0,L2_L,L,Prelim Roughly traced,ol_intrinsic,L2,VFB_jrmc2flx,,,,,,,,,,,,,,,,,,,,,,,,,Traced,True,3
17.0,22.0,16920,L2,10350.0,L2_L,L,Prelim Roughly traced,ol_intrinsic,L2,VFB_jrmc2fpf,,,,,,,,,,,,,,,,,,,,,,,,,Traced,True,4
30.0,22.0,16926,L2,10350.0,L2_L,L,Prelim Roughly traced,ol_intrinsic,L2,VFB_jrmc2f5t,,,,,,,,,,,,,,,,,,,,,,,,,Traced,True,3
28.0,33.0,16967,L2,10350.0,L2_L,L,Prelim Roughly traced,ol_intrinsic,L2,VFB_jrmc2g60,,,,,,,,,,,,,,,,,,,,,,,,,Traced,True,3
23.0,12.0,17077,L2,10350.0,L2_L,L,Prelim Roughly traced,ol_intrinsic,L2,VFB_jrmc2exn,,,,,,,,,,,,,,,,,,,,,,,,,Traced,True,3
20.0,32.0,17104,L2,10350.0,L2_L,L,Prelim Roughly traced,ol_intrinsic,L2,VFB_jrmc2fsc,,,,,,,,,,,,,,,,,,,,,,,[92267 23969 28131],,Traced,True,3
6.0,11.0,17160,L2,10350.0,L2_L,L,Prelim Roughly traced,ol_intrinsic,L2,VFB_jrmc2fqj,,,,,,,,,,,,,,,,,,,,,,,,,Traced,True,4
16.0,23.0,17261,L2,10350.0,L2_L,L,Prelim Roughly traced,ol_intrinsic,L2,VFB_jrmc2ex3,,,,,,,,,,,,,,,,,,,,,,,,,Traced,True,3
34.0,32.0,17265,L2,10350.0,L2_L,L,Prelim Roughly traced,ol_intrinsic,L2,VFB_jrmc2fxl,,,,,,,,,,,,,,,,,,,,,,,[81853 17437 22192],,Traced,True,4
7.0,22.0,17283,L2,10350.0,L2_L,L,Prelim Roughly traced,ol_intrinsic,L2,VFB_jrmc2fml,,,,,,,,,,,,,,,,,,,,,,,,,Traced,True,3
28.0,27.0,17309,L2,10350.0,L2_L,L,Prelim Roughly traced,ol_intrinsic,L2,VFB_jrmc2eu3,,,,,,,,,,,,,,,,,,,,,,,,,Traced,True,3
34.0,25.0,17324,L2,10350.0,L2_L,L,Prelim Roughly traced,ol_intrinsic,L2,VFB_jrmc2fri,,,,,,,,,,,,,,,,,,,,,,,[80312 22862 18354],,Traced,True,4
16.0,16.0,17365,L2,10350.0,L2_L,L,Prelim Roughly traced,ol_intrinsic,L2,VFB_jrmc2ext,,,,,,,,,,,,,,,,,,,,,,,,,Traced,True,4
13.0,25.0,17381,L2,10350.0,L2_L,L,Prelim Roughly traced,ol_intrinsic,L2,VFB_jrmc2ezl,,,,,,,,,,,,,,,,,,,,,,,,,Traced,True,3
24.0,22.0,17398,L2,10350.0,L2_L,L,Prelim Roughly traced,ol_intrinsic,L2,VFB_jrmc2fte,,,,,,,,,,,,,,,,,,,,,,,,,Traced,True,4
8.0,18.0,17422,L2,10350.0,L2_L,L,Prelim Roughly traced,ol_intrinsic,L2,VFB_jrmc2ezh,,,,,,,,,,,,,,,,,,,,,,,,,Traced,True,3
17.0,33.0,17466,L2,10350.0,L2_L,L,Prelim Roughly traced,ol_intrinsic,L2,VFB_jrmc2f0h,,,,,,,,,,,,,,,,,,,,,,,[92950 25472 30494],,Traced,True,3
22.0,35.0,17529,L2,10350.0,L2_R,R,Roughly traced,ol_intrinsic,L2,VFB_jrmc2fma,,,,,,,,,,,,,,,,,,,,,,,,,Traced,True,3
20.0,25.0,17648,L2,10350.0,L2_L,L,Prelim Roughly traced,ol_intrinsic,L2,VFB_jrmc2fse,,,,,,,,,,,,,,,,,,,,,,,,,Traced,True,4
9.0,18.0,17660,L2,10350.0,L2_L,L,Prelim Roughly traced,ol_intrinsic,L2,VFB_jrmc2fmj,,,,,,,,,,,,,,,,,,,,,,,,,Traced,True,3
29.0,17.0,17714,L2,10350.0,L2_L,L,Prelim Roughly traced,ol_intrinsic,L2,VFB_jrmc2eww,,,,,,,,,,,,,,,,,,,,,,,[90340 28785 34023],,Traced,True,3
22.0,28.0,17725,L2,10350.0,L2_L,L,Prelim Roughly traced,ol_intrinsic,L2,VFB_jrmc2g4h,,,,,,,,,,,,,,,,,,,,,,,,,Traced,True,3
17.0,29.0,17733,L2,10350.0,L2_L,L,Prelim Roughly traced,ol_intrinsic,L2,VFB_jrmc2fx7,,,,,,,,,,,,,,,,,,,,,,,,,Traced,True,3
10.0,27.0,17779,L2,10350.0,L2_R,R,Roughly traced,ol_intrinsic,L2,VFB_jrmc2fkr,,,,,,,,,,,,,,,,,,,,,,,,,Traced,True,3
22.0,16.0,17828,L2,10350.0,L2_L,L,Prelim Roughly traced,ol_intrinsic,L2,VFB_jrmc2ex6,,,,,,,,,,,,,,,,,,,,,,,,,Traced,True,4
22.0,34.0,17891,L2,10350.0,L2_R,R,Roughly traced,ol_intrinsic,L2,VFB_jrmc2f7h,,,,,,,,,,,,,,,,,,,,,,,[ 4275 25850 30526],,Traced,True,3
26.0,24.0,17927,L2,10350.0,L2_L,L,Prelim Roughly traced,ol_intrinsic,L2,VFB_jrmc2fjj,,,,,,,,,,,,,,,,,,,,,,,,,Traced,True,3
33.0,34.0,17969,L2,10350.0,L2_L,L,Prelim Roughly traced,ol_intrinsic,L2,VFB_jrmc2fjd,,,,,,,,,,,,,,,,,,,,,,,[82724 17044 23544],,Traced,True,3
25.0,15.0,18024,L2,10350.0,L2_L,L,Prelim Roughly traced,ol_intrinsic,L2,VFB_jrmc2fzq,,,,,,,,,,,,,,,,,,,,,,,,,Traced,True,3
30.0,35.0,18061,L2,10350.0,L2_L,L,Prelim Roughly traced,ol_intrinsic,L2,VFB_jrmc2ewj,,,,,,,,,,,,,,,,,,,,,,,[86059 17336 25572],,Traced,True,3
9.0,25.0,18071,L2,10350.0,L2_L,L,Prelim Roughly traced,ol_intrinsic,L2,VFB_jrmc2eyx,,,,,,,,,,,,,,,,,,,,,,,,,Traced,True,3
10.0,4.0,18243,L2,10350.0,L2_R,R,Roughly traced,ol_intrinsic,L2,VFB_jrmc2fsm,,,,,,,,,,,,,,,,,,,,,,,,,Traced,True,4
8.0,26.0,18271,L2,10350.0,L2_L,L,Prelim Roughly traced,ol_intrinsic,L2,VFB_jrmc2eya,,,,,,,,,,,,,,,,,,,,,,,,,Traced,True,4
21.0,17.0,18289,L2,10350.0,L2_L,L,Prelim Roughly traced,ol_intrinsic,L2,VFB_jrmc2faa,,,,,,,,,,,,,,,,,,,,,,,,,Traced,True,4
25.0,18.0,18298,L2,10350.0,L2_L,L,Prelim Roughly traced,ol_intrinsic,L2,VFB_jrmc2fnl,,,,,,,,,,,,,,,,,,,,,,,,,Traced,True,3
19.0,8.0,18306,L2,10350.0,L2_L,L,Prelim Roughly traced,ol_intrinsic,L2,VFB_jrmc2f8m,,,,,,,,,,,,,,,,,,,,,,,,,Traced,True,3
28.0,29.0,18362,L2,10350.0,L2_L,L,Prelim Roughly traced,ol_intrinsic,L2,VFB_jrmc2f1e,,,,,,,,,,,,,,,,,,,,,,,,,Traced,True,3
20.0,33.0,18370,L2,10350.0,L2_L,L,Prelim Roughly traced,ol_intrinsic,L2,VFB_jrmc2fk0,,,,,,,,,,,,,,,,,,,,,,,[92206 23058 29638],,Traced,True,3
29.0,38.0,18375,L2,10350.0,L2_L,L,Prelim Roughly traced,ol_intrinsic,L2,VFB_jrmc2f54,,,,,,,,,,,,,,,,,,,,,,,,,Traced,True,3
8.0,14.0,18380,L2,10350.0,L2_L,L,Prelim Roughly traced,ol_intrinsic,L2,VFB_jrmc2fw4,,,,,,,,,,,,,,,,,,,,,,,,,Traced,True,4
7.0,10.0,18381,L2,10350.0,L2_L,L,Prelim Roughly traced,ol_intrinsic,L2,VFB_jrmc2g3i,,,,,,,,,,,,,,,,,,,,,,,,,Traced,True,4
13.0,31.0,18392,L2,10350.0,L2_L,L,Prelim Roughly traced,ol_intrinsic,L2,VFB_jrmc2eyl,,,,,,,,,,,,,,,,,,,,,,,,,Traced,True,3
33.0,35.0,18439,L2,10350.0,L2_L,L,Prelim Roughly traced,ol_intrinsic,L2,VFB_jrmc2f3l,,,,,,,,,,,,,,,,,,,,,,,[82446 16692 23834],,Traced,True,4
34.0,23.0,18441,L2,10350.0,L2_L,L,Prelim Roughly traced,ol_intrinsic,L2,VFB_jrmc2g45,,,,,,,,,,,,,,,,,,,,,,,[79724 24016 18332],,Traced,True,4
26.0,36.0,18486,L2,10350.0,L2_L,L,Prelim Roughly traced,ol_intrinsic,L2,VFB_jrmc2fmp,,,,,,,,,,,,,,,,,,,,,,,[89272 18790 28020],,Traced,True,3
24.0,36.0,18509,L2,10350.0,L2_R,R,Roughly traced,ol_intrinsic,L2,VFB_jrmc2fxb,,,,,,,,,,,,,,,,,,,,,,,[ 4334 24364 31750],,Traced,True,3
23.0,15.0,18567,L2,10350.0,L2_L,L,Prelim Roughly traced,ol_intrinsic,L2,VFB_jrmc2f3d,,,,,,,,,,,,,,,,,,,,,,,,,Traced,True,3
19.0,34.0,18570,L2,10350.0,L2_L,L,Prelim Roughly traced,ol_intrinsic,L2,VFB_jrmc2fyn,,,,,,,,,,,,,,,,,,,,,,,[92792 24416 30550],,Traced,True,3
14.0,26.0,18571,L2,10350.0,L2_L,L,Prelim Roughly traced,ol_intrinsic,L2,VFB_jrmc2fft,,,,,,,,,,,,,,,,,,,,,,,,,Traced,True,3
23.0,36.0,18580,L2,10350.0,L2_L,L,Prelim Roughly traced,ol_intrinsic,L2,VFB_jrmc2fa5,,,,,,,,,,,,,,,,,,,,,,,[91356 20646 31620],,Traced,True,3
7.0,23.0,18640,L2,10350.0,L2_L,L,Prelim Roughly traced,ol_intrinsic,L2,VFB_jrmc2euh,,,,,,,,,,,,,,,,,,,,,,,,,Traced,True,3
25.0,36.0,18653,L2,10350.0,L2_R,R,Roughly traced,ol_intrinsic,L2,VFB_jrmc2fyb,,,,,,,,,,,,,,,,,,,,,,,[ 5204 23706 30548],,Traced,True,3
23.0,35.0,18675,L2,10350.0,L2_R,R,Roughly traced,ol_intrinsic,L2,VFB_jrmc2fel,,,,,,,,,,,,,,,,,,,,,,,[ 4914 24836 30414],,Traced,True,3
27.0,34.0,18682,L2,10350.0,L2_R,R,Roughly traced,ol_intrinsic,L2,VFB_jrmc2f40,,,,,,,,,,,,,,,,,,,,,,,[ 7082 23332 26630],,Traced,True,3
19.0,25.0,18707,L2,10350.0,L2_L,L,Prelim Roughly traced,ol_intrinsic,L2,VFB_jrmc2g2o,,,,,,,,,,,,,,,,,,,,,,,,,Traced,True,4
17.0,34.0,18734,L2,10350.0,L2_L,L,Prelim Roughly traced,ol_intrinsic,L2,VFB_jrmc2g1f,,,,,,,,,,,,,,,,,,,,,,,[93078 25526 31260],,Traced,True,3
34.0,28.0,18758,L2,10350.0,L2_L,L,Prelim Roughly traced,ol_intrinsic,L2,VFB_jrmc2fuj,,,,,,,,,,,,,,,,,,,,,,,[80900 20017 19743],,Traced,True,4
19.0,34.0,18852,L2,10350.0,L2_R,R,Roughly traced,ol_intrinsic,L2,VFB_jrmc2fx4,,,,,,,,,,,,,,,,,,,,,,,[ 3200 28067 31016],,Traced,True,3
22.0,35.0,18888,L2,10350.0,L2_L,L,Prelim Roughly traced,ol_intrinsic,L2,VFB_jrmc2fls,,,,,,,,,,,,,,,,,,,,,,,[92058 21840 31116],,Traced,True,3
21.0,11.0,18927,L2,10350.0,L2_R,R,Roughly traced,ol_intrinsic,L2,VFB_jrmc2f75,,,,,,,,,,,,,,,,,,,,,,,,,Traced,True,3
22.0,33.0,19001,L2,10350.0,L2_L,L,Prelim Roughly traced,ol_intrinsic,L2,VFB_jrmc2fu6,,,,,,,,,,,,,,,,,,,,,,,[91346 22216 28380],,Traced,True,3
19.0,9.0,19017,L2,10350.0,L2_L,L,Prelim Roughly traced,ol_intrinsic,L2,VFB_jrmc2frg,,,,,,,,,,,,,,,,,,,,,,,,,Traced,True,3
20.0,34.0,19021,L2,10350.0,L2_L,L,Prelim Roughly traced,ol_intrinsic,L2,VFB_jrmc2euo,,,,,,,,,,,,,,,,,,,,,,,[92576 23652 30328],,Traced,True,3
18.0,32.0,19056,L2,10350.0,L2_R,R,Roughly traced,ol_intrinsic,L2,VFB_jrmc2fhf,,,,,,,,,,,,,,,,,,,,,,,,,Traced,True,3
9.0,7.0,19071,L2,10350.0,L2_L,L,Prelim Roughly traced,ol_intrinsic,L2,VFB_jrmc2f4e,,,,,,,,,,,,,,,,,,,,,,,,,Traced,True,4
30.0,32.0,19075,L2,10350.0,L2_L,L,Prelim Roughly traced,ol_intrinsic,L2,VFB_jrmc2fhv,,,,,,,,,,,,,,,,,,,,,,,[86022 19387 23652],,Traced,True,3
26.0,19.0,19106,L2,10350.0,L2_L,L,Prelim Roughly traced,ol_intrinsic,L2,VFB_jrmc2g25,,,,,,,,,,,,,,,,,,,,,,,,,Traced,True,3
28.0,20.0,19141,L2,10350.0,L2_L,L,Prelim Roughly traced,ol_intrinsic,L2,VFB_jrmc2g17,,,,,,,,,,,,,,,,,,,,,,,,,Traced,True,4
28.0,37.0,19155,L2,10350.0,L2_L,L,Prelim Roughly traced,ol_intrinsic,L2,VFB_jrmc2fgz,,,,,,,,,,,,,,,,,,,,,,,[88494 16798 29046],,Traced,True,3
34.0,31.0,19167,L2,10350.0,L2_L,L,Prelim Roughly traced,ol_intrinsic,L2,VFB_jrmc2fw3,,,,,,,,,,,,,,,,,,,,,,,[81545 18229 21678],,Traced,True,4
33.0,26.0,19242,L2,10350.0,L2_L,L,Prelim Roughly traced,ol_intrinsic,L2,VFB_jrmc2g0y,,,,,,,,,,,,,,,,,,,,,,,[80871 22246 18775],,Traced,True,4
25.0,25.0,19252,L2,10350.0,L2_L,L,Prelim Roughly traced,ol_intrinsic,L2,VFB_jrmc2f3n,,,,,,,,,,,,,,,,,,,,,,,,,Traced,True,4
20.0,14.0,19279,L2,10350.0,L2_L,L,Prelim Roughly traced,ol_intrinsic,L2,VFB_jrmc2g7p,,,,,,,,,,,,,,,,,,,,,,,,,Traced,True,4
30.0,25.0,19315,L2,10350.0,L2_L,L,Prelim Roughly traced,ol_intrinsic,L2,VFB_jrmc2ffy,,,,,,,,,,,,,,,,,,,,,,,,,Traced,True,4
28.0,31.0,19372,L2,10350.0,L2_L,L,Prelim Roughly traced,ol_intrinsic,L2,VFB_jrmc2ev9,,,,,,,,,,,,,,,,,,,,,,,[86638 20764 23470],,Traced,True,3
5.0,4.0,19388,L2,10350.0,L2_L,L,Prelim Roughly traced,ol_intrinsic,L2,VFB_jrmc2g4r,,,,,,,,,,,,,,,,,,,,,,,,,Traced,True,4
25.0,14.0,19409,L2,10350.0,L2_R,R,Roughly traced,ol_intrinsic,L2,VFB_jrmc2fbx,,,,,,,,,,,,,,,,,,,,,,,,,Traced,True,3
26.0,37.0,19421,L2,10350.0,L2_R,R,Roughly traced,ol_intrinsic,L2,VFB_jrmc2etz,,,,,,,,,,,,,,,,,,,,,,,[ 5216 22205 30935],,Traced,True,3
28.0,32.0,19448,L2,10350.0,L2_L,L,Prelim Roughly traced,ol_intrinsic,L2,VFB_jrmc2g7b,,,,,,,,,,,,,,,,,,,,,,,[87361 20007 24329],,Traced,True,3
30.0,34.0,19514,L2,10350.0,L2_R,R,Roughly traced,ol_intrinsic,L2,VFB_jrmc2fyw,,,,,,,,,,,,,,,,,,,,,,,[10422 21672 24510],,Traced,True,3
7.0,20.0,19516,L2,10350.0,L2_R,R,Roughly traced,ol_intrinsic,L2,VFB_jrmc2f8l,,,,,,,,,,,,,,,,,,,,,,,,,Traced,True,3
27.0,33.0,19518,L2,10350.0,L2_L,L,Prelim Roughly traced,ol_intrinsic,L2,VFB_jrmc2ey1,,,,,,,,,,,,,,,,,,,,,,,,,Traced,True,3
6.0,19.0,19527,L2,10350.0,L2_R,R,Roughly traced,ol_intrinsic,L2,VFB_jrmc2eup,,,,,,,,,,,,,,,,,,,,,,,,,Traced,True,3
34.0,29.0,19531,L2,10350.0,L2_L,L,Prelim Roughly traced,ol_intrinsic,L2,VFB_jrmc2fdv,,,,,,,,,,,,,,,,,,,,,,,[81918 20096 20000],,Traced,True,4
29.0,35.0,19591,L2,10350.0,L2_R,R,Roughly traced,ol_intrinsic,L2,VFB_jrmc2faq,,,,,,,,,,,,,,,,,,,,,,,[ 8973 22226 26284],,Traced,True,3
21.0,18.0,19679,L2,10350.0,L2_L,L,Prelim Roughly traced,ol_intrinsic,L2,VFB_jrmc2fso,,,,,,,,,,,,,,,,,,,,,,,,,Traced,True,4
11.0,22.0,19707,L2,10350.0,L2_L,L,Prelim Roughly traced,ol_intrinsic,L2,VFB_jrmc2g62,,,,,,,,,,,,,,,,,,,,,,,,,Traced,True,3
28.0,30.0,19786,L2,10350.0,L2_L,L,Prelim Roughly traced,ol_intrinsic,L2,VFB_jrmc2eze,,,,,,,,,,,,,,,,,,,,,,,[86137 21421 22763],,Traced,True,4
30.0,31.0,19800,L2,10350.0,L2_L,L,Prelim Roughly traced,ol_intrinsic,L2,VFB_jrmc2fz1,,,,,,,,,,,,,,,,,,,,,,,,,Traced,True,3
10.0,29.0,19832,L2,10350.0,L2_L,L,Prelim Roughly traced,ol_intrinsic,L2,VFB_jrmc2ev3,,,,,,,,,,,,,,,,,,,,,,,,,Traced,True,3
21.0,33.0,19839,L2,10350.0,L2_R,R,Roughly traced,ol_intrinsic,L2,VFB_jrmc2fkl,,,,,,,,,,,,,,,,,,,,,,,[ 3570 27196 29120],,Traced,True,3
19.0,32.0,19851,L2,10350.0,L2_L,L,Prelim Roughly traced,ol_intrinsic,L2,VFB_jrmc2fm7,,,,,,,,,,,,,,,,,,,,,,,[92590 24352 28262],,Traced,True,3
28.0,34.0,19903,L2,10350.0,L2_R,R,Roughly traced,ol_intrinsic,L2,VFB_jrmc2f3m,,,,,,,,,,,,,,,,,,,,,,,[ 7480 22896 26454],,Traced,True,3
25.0,37.0,19914,L2,10350.0,L2_R,R,Roughly traced,ol_intrinsic,L2,VFB_jrmc2fw2,,,,,,,,,,,,,,,,,,,,,,,[ 4930 22788 31700],,Traced,True,3
17.0,7.0,19922,L2,10350.0,L2_L,L,Reviewed,ol_intrinsic,L2,VFB_jrmc2fgv,,,,,,,,,,,,,,,,,,,,,,,,,Traced,True,3
34.0,29.0,19923,L2,10350.0,L2_R,R,Roughly traced,ol_intrinsic,L2,VFB_jrmc2fir,,,,,,,,,,,,,,,,,,,,,,,[15462 22846 21156],,Traced,True,3
29.0,30.0,19988,L2,10350.0,L2_L,L,Prelim Roughly traced,ol_intrinsic,L2,VFB_jrmc2ewo,,,,,,,,,,,,,,,,,,,,,,,[86374 21038 23148],,Traced,True,3
13.0,6.0,20009,L2,10350.0,L2_L,L,Prelim Roughly traced,ol_intrinsic,L2,VFB_jrmc2fmi,,,,,,,,,,,,,,,,,,,,,,,,,Traced,True,3
18.0,31.0,20079,L2,10350.0,L2_L,L,Prelim Roughly traced,ol_intrinsic,L2,VFB_jrmc2ev2,,,,,,,,,,,,,,,,,,,,,,,,,Traced,True,3
18.0,7.0,20092,L2,10350.0,L2_R,R,Roughly traced,ol_intrinsic,L2,VFB_jrmc2fku,,,,,,,,,,,,,,,,,,,,,,,,,Traced,True,3
27.0,30.0,20120,L2,10350.0,L2_L,L,Prelim Roughly traced,ol_intrinsic,L2,VFB_jrmc2fo6,,,,,,,,,,,,,,,,,,,,,,,[87146 21060 23640],,Traced,True,3
15.0,22.0,20126,L2,10350.0,L2_L,L,Prelim Roughly traced,ol_intrinsic,L2,VFB_jrmc2fdk,,,,,,,,,,,,,,,,,,,,,,,,,Traced,True,3
29.0,36.0,20133,L2,10350.0,L2_L,L,Prelim Roughly traced,ol_intrinsic,L2,VFB_jrmc2fy0,,,,,,,,,,,,,,,,,,,,,,,,,Traced,True,3
6.0,20.0,20221,L2,10350.0,L2_R,R,Roughly traced,ol_intrinsic,L2,VFB_jrmc2euq,,,,,,,,,,,,,,,,,,,,,,,,,Traced,True,3
30.0,32.0,20248,L2,10350.0,L2_R,R,Roughly traced,ol_intrinsic,L2,VFB_jrmc2feg,,,,,,,,,,,,,,,,,,,,,,,[10175 23544 23561],,Traced,True,3
23.0,35.0,20256,L2,10350.0,L2_L,L,Prelim Roughly traced,ol_intrinsic,L2,VFB_jrmc2g2g,,,,,,,,,,,,,,,,,,,,,,,[91520 21128 30700],,Traced,True,3
26.0,13.0,20257,L2,10350.0,L2_L,L,Prelim Roughly traced,ol_intrinsic,L2,VFB_jrmc2g57,,,,,,,,,,,,,,,,,,,,,,,[91036 33855 36975],,Traced,True,4
13.0,15.0,20268,L2,10350.0,L2_L,L,Prelim Roughly traced,ol_intrinsic,L2,VFB_jrmc2fv6,,,,,,,,,,,,,,,,,,,,,,,,,Traced,True,4
13.0,29.0,20299,L2,10350.0,L2_R,R,Roughly traced,ol_intrinsic,L2,VFB_jrmc2g7d,,,,,,,,,,,,,,,,,,,,,,,,,Traced,True,3
6.0,7.0,20343,L2,10350.0,L2_L,L,Reviewed,ol_intrinsic,L2,VFB_jrmc2g3l,,,,,,,,,,,,,,,,,,,,,,,,,Traced,True,4
18.0,30.0,20443,L2,10350.0,L2_L,L,Prelim Roughly traced,ol_intrinsic,L2,VFB_jrmc2fn5,,,,,,,,,,,,,,,,,,,,,,,,,Traced,True,3
24.0,12.0,20541,L2,10350.0,L2_R,R,Roughly traced,ol_intrinsic,L2,VFB_jrmc2fln,,,,,,,,,,,,,,,,,,,,,,,,,Traced,True,3
34.0,30.0,20638,L2,10350.0,L2_L,L,Prelim Roughly traced,ol_intrinsic,L2,VFB_jrmc2g01,,,,,,,,,,,,,,,,,,,,,,,[81322 19362 20616],,Traced,True,4
18.0,33.0,20655,L2,10350.0,L2_R,R,Roughly traced,ol_intrinsic,L2,VFB_jrmc2ezq,,,,,,,,,,,,,,,,,,,,,,,[ 3372 28612 31488],,Traced,True,3
26.0,35.0,20665,L2,10350.0,L2_L,L,Prelim Roughly traced,ol_intrinsic,L2,VFB_jrmc2fyx,,,,,,,,,,,,,,,,,,,,,,,[88932 19280 27192],,Traced,True,3
30.0,30.0,20679,L2,10350.0,L2_R,R,Roughly traced,ol_intrinsic,L2,VFB_jrmc2fhl,,,,,,,,,,,,,,,,,,,,,,,[10439 24029 22748],,Traced,True,3
30.0,34.0,20696,L2,10350.0,L2_L,L,Prelim Roughly traced,ol_intrinsic,L2,VFB_jrmc2fcl,,,,,,,,,,,,,,,,,,,,,,,[86752 18036 25472],,Traced,True,3
33.0,25.0,20810,L2,10350.0,L2_L,L,Prelim Roughly traced,ol_intrinsic,L2,VFB_jrmc2fru,,,,,,,,,,,,,,,,,,,,,,,[81130 22738 18354],,Traced,True,4
29.0,31.0,20853,L2,10350.0,L2_L,L,Prelim Roughly traced,ol_intrinsic,L2,VFB_jrmc2fgt,,,,,,,,,,,,,,,,,,,,,,,[85845 20372 23171],,Traced,True,3
21.0,35.0,20854,L2,10350.0,L2_L,L,Prelim Roughly traced,ol_intrinsic,L2,VFB_jrmc2ew9,,,,,,,,,,,,,,,,,,,,,,,[92464 22722 31226],,Traced,True,3
31.0,20.0,20863,L2,10350.0,L2_R,R,Roughly traced,ol_intrinsic,L2,VFB_jrmc2ffs,,,,,,,,,,,,,,,,,,,,,,,,,Traced,True,3
14.0,17.0,20894,L2,10350.0,L2_L,L,Prelim Roughly traced,ol_intrinsic,L2,VFB_jrmc2f20,,,,,,,,,,,,,,,,,,,,,,,,,Traced,True,4
10.0,24.0,20903,L2,10350.0,L2_L,L,Prelim Roughly traced,ol_intrinsic,L2,VFB_jrmc2g6a,,,,,,,,,,,,,,,,,,,,,,,,,Traced,True,3
30.0,31.0,20927,L2,10350.0,L2_R,R,Roughly traced,ol_intrinsic,L2,VFB_jrmc2fug,,,,,,,,,,,,,,,,,,,,,,,[10840 23610 22848],,Traced,True,3
18.0,12.0,20935,L2,10350.0,L2_L,L,Prelim Roughly traced,ol_intrinsic,L2,VFB_jrmc2fk8,,,,,,,,,,,,,,,,,,,,,,,,,Traced,True,3
10.0,25.0,20940,L2,10350.0,L2_L,L,Prelim Roughly traced,ol_intrinsic,L2,VFB_jrmc2f90,,,,,,,,,,,,,,,,,,,,,,,,,Traced,True,3
30.0,33.0,20971,L2,10350.0,L2_L,L,Prelim Roughly traced,ol_intrinsic,L2,VFB_jrmc2f3q,,,,,,,,,,,,,,,,,,,,,,,[86209 18788 24377],,Traced,True,4
31.0,34.0,20973,L2,10350.0,L2_R,R,Roughly traced,ol_intrinsic,L2,VFB_jrmc2g1l,,,,,,,,,,,,,,,,,,,,,,,[11680 21375 24797],,Traced,True,3
31.0,35.0,21006,L2,10350.0,L2_L,L,Prelim Roughly traced,ol_intrinsic,L2,VFB_jrmc2ffg,,,,,,,,,,,,,,,,,,,,,,,[85076 16922 25412],,Traced,True,3
33.0,36.0,21015,L2,10350.0,L2_L,L,Prelim Roughly traced,ol_intrinsic,L2,VFB_jrmc2f7q,,,,,,,,,,,,,,,,,,,,,,,[83974 14687 27193],,Traced,True,3
32.0,35.0,21021,L2,10350.0,L2_R,R,Roughly traced,ol_intrinsic,L2,VFB_jrmc2fj5,,,,,,,,,,,,,,,,,,,,,,,[11384 20255 25456],,Traced,True,3
18.0,33.0,21044,L2,10350.0,L2_L,L,Prelim Roughly traced,ol_intrinsic,L2,VFB_jrmc2fqf,,,,,,,,,,,,,,,,,,,,,,,[92856 25108 29490],,Traced,True,3
14.0,23.0,21062,L2,10350.0,L2_L,L,Prelim Roughly traced,ol_intrinsic,L2,VFB_jrmc2f1n,,,,,,,,,,,,,,,,,,,,,,,,,Traced,True,3
18.0,34.0,21077,L2,10350.0,L2_L,L,Prelim Roughly traced,ol_intrinsic,L2,VFB_jrmc2f74,,,,,,,,,,,,,,,,,,,,,,,[92790 24696 31048],,Traced,True,3
25.0,12.0,21078,L2,10350.0,L2_L,L,Prelim Roughly traced,ol_intrinsic,L2,VFB_jrmc2fei,,,,,,,,,,,,,,,,,,,,,,,,,Traced,True,3
29.0,26.0,21084,L2,10350.0,L2_L,L,Prelim Roughly traced,ol_intrinsic,L2,VFB_jrmc2fbo,,,,,,,,,,,,,,,,,,,,,,,,,Traced,True,3
29.0,32.0,21107,L2,10350.0,L2_L,L,Prelim Roughly traced,ol_intrinsic,L2,VFB_jrmc2fqc,,,,,,,,,,,,,,,,,,,,,,,[86572 19492 23878],,Traced,True,4
31.0,36.0,21112,L2,10350.0,L2_L,L,Prelim Roughly traced,ol_intrinsic,L2,VFB_jrmc2fpa,,,,,,,,,,,,,,,,,,,,,,,[85954 16336 26807],,Traced,True,3
28.0,36.0,21121,L2,10350.0,L2_L,L,Prelim Roughly traced,ol_intrinsic,L2,VFB_jrmc2g0h,,,,,,,,,,,,,,,,,,,,,,,[88142 17573 28062],,Traced,True,3
34.0,26.0,21126,L2,10350.0,L2_L,L,Prelim Roughly traced,ol_intrinsic,L2,VFB_jrmc2frb,,,,,,,,,,,,,,,,,,,,,,,[79834 22210 18760],,Traced,True,4
29.0,29.0,21133,L2,10350.0,L2_R,R,Roughly traced,ol_intrinsic,L2,VFB_jrmc2fjf,,,,,,,,,,,,,,,,,,,,,,,[10103 25196 22340],,Traced,True,3
28.0,33.0,21167,L2,10350.0,L2_R,R,Roughly traced,ol_intrinsic,L2,VFB_jrmc2fee,,,,,,,,,,,,,,,,,,,,,,,,,Traced,True,3
11.0,29.0,21187,L2,10350.0,L2_R,R,Roughly traced,ol_intrinsic,L2,VFB_jrmc2faf,,,,,,,,,,,,,,,,,,,,,,,,,Traced,True,3
13.0,23.0,21189,L2,10350.0,L2_L,L,Prelim Roughly traced,ol_intrinsic,L2,VFB_jrmc2eu1,,,,,,,,,,,,,,,,,,,,,,,,,Traced,True,3
27.0,34.0,21194,L2,10350.0,L2_L,L,Prelim Roughly traced,ol_intrinsic,L2,VFB_jrmc2f8g,,,,,,,,,,,,,,,,,,,,,,,[88952 19354 26630],,Traced,True,3
27.0,35.0,21198,L2,10350.0,L2_L,L,Prelim Roughly traced,ol_intrinsic,L2,VFB_jrmc2f3g,,,,,,,,,,,,,,,,,,,,,,,[88574 18786 27086],,Traced,True,3
17.0,7.0,21221,L2,10350.0,L2_R,R,Roughly traced,ol_intrinsic,L2,VFB_jrmc2ffr,,,,,,,,,,,,,,,,,,,,,,,,,Traced,True,3
29.0,33.0,21228,L2,10350.0,L2_L,L,Prelim Roughly traced,ol_intrinsic,L2,VFB_jrmc2fke,,,,,,,,,,,,,,,,,,,,,,,[87114 19258 24585],,Traced,True,3
28.0,35.0,21259,L2,10350.0,L2_R,R,Roughly traced,ol_intrinsic,L2,VFB_jrmc2g53,,,,,,,,,,,,,,,,,,,,,,,[ 8269 22011 26964],,Traced,True,3
30.0,36.0,21260,L2,10350.0,L2_L,L,Prelim Roughly traced,ol_intrinsic,L2,VFB_jrmc2g33,,,,,,,,,,,,,,,,,,,,,,,[86059 16805 26037],,Traced,True,3
16.0,23.0,21294,L2,10350.0,L2_R,R,Roughly traced,ol_intrinsic,L2,VFB_jrmc2g6h,,,,,,,,,,,,,,,,,,,,,,,,,Traced,True,3
24.0,33.0,21310,L2,10350.0,L2_R,R,Roughly traced,ol_intrinsic,L2,VFB_jrmc2euc,,,,,,,,,,,,,,,,,,,,,,,,,Traced,True,3
29.0,31.0,21317,L2,10350.0,L2_R,R,Roughly traced,ol_intrinsic,L2,VFB_jrmc2fav,,,,,,,,,,,,,,,,,,,,,,,[ 9724 24114 23220],,Traced,True,3
12.0,31.0,21327,L2,10350.0,L2_R,R,Roughly traced,ol_intrinsic,L2,VFB_jrmc2f8d,,,,,,,,,,,,,,,,,,,,,,,[ 2617 33162 31983],,Traced,True,3
16.0,6.0,21337,L2,10350.0,L2_R,R,Roughly traced,ol_intrinsic,L2,VFB_jrmc2fv9,,,,,,,,,,,,,,,,,,,,,,,,,Traced,True,4
12.0,28.0,21343,L2,10350.0,L2_R,R,Roughly traced,ol_intrinsic,L2,VFB_jrmc2fwo,,,,,,,,,,,,,,,,,,,,,,,,,Traced,True,3
27.0,31.0,21346,L2,10350.0,L2_L,L,Prelim Roughly traced,ol_intrinsic,L2,VFB_jrmc2fjh,,,,,,,,,,,,,,,,,,,,,,,,,Traced,True,3
32.0,37.0,21367,L2,10350.0,L2_L,L,Prelim Roughly traced,ol_intrinsic,L2,VFB_jrmc2fyu,,,,,,,,,,,,,,,,,,,,,,,[84834 14642 28166],,Traced,True,3
27.0,37.0,21415,L2,10350.0,L2_L,L,Prelim Roughly traced,ol_intrinsic,L2,VFB_jrmc2fby,,,,,,,,,,,,,,,,,,,,,,,[89228 16806 30310],,Traced,True,3
30.0,33.0,21418,L2,10350.0,L2_R,R,Roughly traced,ol_intrinsic,L2,VFB_jrmc2fpp,,,,,,,,,,,,,,,,,,,,,,,[10001 22835 24429],,Traced,True,3
12.0,27.0,21425,L2,10350.0,L2_L,L,Prelim Roughly traced,ol_intrinsic,L2,VFB_jrmc2g4p,,,,,,,,,,,,,,,,,,,,,,,,,Traced,True,3
17.0,6.0,21427,L2,10350.0,L2_R,R,Roughly traced,ol_intrinsic,L2,VFB_jrmc2fnt,,,,,,,,,,,,,,,,,,,,,,,,,Traced,True,3
11.0,28.0,21435,L2,10350.0,L2_L,L,Prelim Roughly traced,ol_intrinsic,L2,VFB_jrmc2f1r,,,,,,,,,,,,,,,,,,,,,,,,,Traced,True,3
12.0,30.0,21524,L2,10350.0,L2_R,R,Roughly traced,ol_intrinsic,L2,VFB_jrmc2eus,,,,,,,,,,,,,,,,,,,,,,,,,Traced,True,3
32.0,21.0,21598,L2,10350.0,L2_R,R,Roughly traced,ol_intrinsic,L2,VFB_jrmc2g1b,,,,,,,,,,,,,,,,,,,,,,,[ 6806 26328 35514],,Traced,True,3
17.0,31.0,21611,L2,10350.0,L2_L,L,Prelim Roughly traced,ol_intrinsic,L2,VFB_jrmc2fgd,,,,,,,,,,,,,,,,,,,,,,,,,Traced,True,3
15.0,21.0,21625,L2,10350.0,L2_L,L,Prelim Roughly traced,ol_intrinsic,L2,VFB_jrmc2fp8,,,,,,,,,,,,,,,,,,,,,,,,,Traced,True,3
22.0,29.0,21643,L2,10350.0,L2_L,L,Prelim Roughly traced,ol_intrinsic,L2,VFB_jrmc2f9q,,,,,,,,,,,,,,,,,,,,,,,,,Traced,True,3
21.0,33.0,21654,L2,10350.0,L2_L,L,Prelim Roughly traced,ol_intrinsic,L2,VFB_jrmc2fom,,,,,,,,,,,,,,,,,,,,,,,[91676 22724 28914],,Traced,True,3
25.0,34.0,21660,L2,10350.0,L2_L,L,Prelim Roughly traced,ol_intrinsic,L2,VFB_jrmc2g3n,,,,,,,,,,,,,,,,,,,,,,,[89310 20058 27072],,Traced,True,3
23.0,36.0,21714,L2,10350.0,L2_R,R,Roughly traced,ol_intrinsic,L2,VFB_jrmc2f1c,,,,,,,,,,,,,,,,,,,,,,,,,Traced,True,3
34.0,33.0,21742,L2,10350.0,L2_R,R,Roughly traced,ol_intrinsic,L2,VFB_jrmc2g76,,,,,,,,,,,,,,,,,,,,,,,[13940 20271 23479],,Traced,True,3
30.0,37.0,21745,L2,10350.0,L2_R,R,Roughly traced,ol_intrinsic,L2,VFB_jrmc2f2c,,,,,,,,,,,,,,,,,,,,,,,[ 7785 19196 30158],,Traced,True,3
35.0,29.0,21759,L2,10350.0,L2_L,L,Prelim Roughly traced,ol_intrinsic,L2,VFB_jrmc2g79,,,,,,,,,,,,,,,,,,,,,,,[80207 19763 20100],,Traced,True,4
27.0,29.0,21774,L2,10350.0,L2_L,L,Prelim Roughly traced,ol_intrinsic,L2,VFB_jrmc2f86,,,,,,,,,,,,,,,,,,,,,,,[87316 22388 22426],,Traced,True,3
14.0,29.0,21791,L2,10350.0,L2_R,R,Roughly traced,ol_intrinsic,L2,VFB_jrmc2fv7,,,,,,,,,,,,,,,,,,,,,,,,,Traced,True,3
10.0,28.0,21847,L2,10350.0,L2_R,R,Roughly traced,ol_intrinsic,L2,VFB_jrmc2ffn,,,,,,,,,,,,,,,,,,,,,,,,,Traced,True,3
23.0,10.0,21917,L2,10350.0,L2_L,L,Prelim Roughly traced,ol_intrinsic,L2,VFB_jrmc2fid,,,,,,,,,,,,,,,,,,,,,,,,,Traced,True,4
12.0,11.0,21943,L2,10350.0,L2_L,L,Prelim Roughly traced,ol_intrinsic,L2,VFB_jrmc2f50,,,,,,,,,,,,,,,,,,,,,,,,,Traced,True,4
14.0,28.0,21950,L2,10350.0,L2_R,R,Roughly traced,ol_intrinsic,L2,VFB_jrmc2eyi,,,,,,,,,,,,,,,,,,,,,,,,,Traced,True,3
31.0,21.0,21976,L2,10350.0,L2_R,R,Roughly traced,ol_intrinsic,L2,VFB_jrmc2f84,,,,,,,,,,,,,,,,,,,,,,,,,Traced,True,3
24.0,34.0,21982,L2,10350.0,L2_L,L,Prelim Roughly traced,ol_intrinsic,L2,VFB_jrmc2f1q,,,,,,,,,,,,,,,,,,,,,,,[90293 20233 28080],,Traced,True,3
8.0,19.0,21994,L2,10350.0,L2_R,R,Roughly traced,ol_intrinsic,L2,VFB_jrmc2fho,,,,,,,,,,,,,,,,,,,,,,,,,Traced,True,3
24.0,13.0,21998,L2,10350.0,L2_R,R,Roughly traced,ol_intrinsic,L2,VFB_jrmc2f5d,,,,,,,,,,,,,,,,,,,,,,,[ 7115 37926 34131],,Traced,True,3
31.0,35.0,22043,L2,10350.0,L2_R,R,Roughly traced,ol_intrinsic,L2,VFB_jrmc2fod,,,,,,,,,,,,,,,,,,,,,,,[10671 21034 25959],,Traced,True,3
13.0,6.0,22061,L2,10350.0,L2_R,R,Roughly traced,ol_intrinsic,L2,VFB_jrmc2fl3,,,,,,,,,,,,,,,,,,,,,,,[15180 48678 33690],,Traced,True,3
12.0,26.0,22074,L2,10350.0,L2_R,R,Roughly traced,ol_intrinsic,L2,VFB_jrmc2fl2,,,,,,,,,,,,,,,,,,,,,,,,,Traced,True,3
13.0,31.0,22104,L2,10350.0,L2_R,R,Roughly traced,ol_intrinsic,L2,VFB_jrmc2fjn,,,,,,,,,,,,,,,,,,,,,,,,,Traced,True,3
16.0,4.0,22152,L2,10350.0,L2_R,R,Roughly traced,ol_intrinsic,L2,VFB_jrmc2g3e,,,,,,,,,,,,,,,,,,,,,,,,,Traced,True,3
35.0,30.0,22157,L2,10350.0,L2_R,R,Roughly traced,ol_intrinsic,L2,VFB_jrmc2f4z,,,,,,,,,,,,,,,,,,,,,,,[15608 21865 21451],,Traced,True,3
11.0,23.0,22160,L2,10350.0,L2_R,R,Roughly traced,ol_intrinsic,L2,VFB_jrmc2ew4,,,,,,,,,,,,,,,,,,,,,,,,,Traced,True,3
26.0,32.0,22161,L2,10350.0,L2_R,R,Roughly traced,ol_intrinsic,L2,VFB_jrmc2fq1,,,,,,,,,,,,,,,,,,,,,,,[ 7058 24518 25700],,Traced,True,3
33.0,24.0,22237,L2,10350.0,L2_L,L,Reviewed,ol_intrinsic,L2,VFB_jrmc2fc2,,,,,,,,,,,,,,,,,,,,,,,[80305 23746 18301],,Traced,True,3
32.0,24.0,22238,L2,10350.0,L2_R,R,Roughly traced,ol_intrinsic,L2,VFB_jrmc2ffj,,,,,,,,,,,,,,,,,,,,,,,,,Traced,True,3
14.0,30.0,22244,L2,10350.0,L2_R,R,Roughly traced,ol_intrinsic,L2,VFB_jrmc2ezx,,,,,,,,,,,,,,,,,,,,,,,,,Traced,True,3
13.0,28.0,22245,L2,10350.0,L2_R,R,Roughly traced,ol_intrinsic,L2,VFB_jrmc2f9m,,,,,,,,,,,,,,,,,,,,,,,,,Traced,True,3
16.0,5.0,22280,L2,10350.0,L2_R,R,Roughly traced,ol_intrinsic,L2,VFB_jrmc2fqa,,,,,,,,,,,,,,,,,,,,,,,,,Traced,True,3
11.0,27.0,22304,L2,10350.0,L2_R,R,Roughly traced,ol_intrinsic,L2,VFB_jrmc2fh8,,,,,,,,,,,,,,,,,,,,,,,,,Traced,True,3
23.0,34.0,22312,L2,10350.0,L2_R,R,Roughly traced,ol_intrinsic,L2,VFB_jrmc2g2t,,,,,,,,,,,,,,,,,,,,,,,,,Traced,True,3
32.0,36.0,22316,L2,10350.0,L2_R,R,Roughly traced,ol_intrinsic,L2,VFB_jrmc2frl,,,,,,,,,,,,,,,,,,,,,,,[10082 17963 28732],,Traced,True,3
11.0,4.0,22376,L2,10350.0,L2_R,R,Roughly traced,ol_intrinsic,L2,VFB_jrmc2fmt,,,,,,,,,,,,,,,,,,,,,,,[17650 49979 33970],,Traced,True,3
28.0,35.0,22450,L2,10350.0,L2_L,L,Prelim Roughly traced,ol_intrinsic,L2,VFB_jrmc2fxg,,,,,,,,,,,,,,,,,,,,,,,[88320 18370 26550],,Traced,True,3
17.0,11.0,22484,L2,10350.0,L2_L,L,Prelim Roughly traced,ol_intrinsic,L2,VFB_jrmc2f02,,,,,,,,,,,,,,,,,,,,,,,,,Traced,True,3
12.0,29.0,22497,L2,10350.0,L2_L,L,Prelim Roughly traced,ol_intrinsic,L2,VFB_jrmc2ewv,,,,,,,,,,,,,,,,,,,,,,,,,Traced,True,3
25.0,30.0,22517,L2,10350.0,L2_L,L,Prelim Roughly traced,ol_intrinsic,L2,VFB_jrmc2fu7,,,,,,,,,,,,,,,,,,,,,,,,,Traced,True,3
32.0,23.0,22528,L2,10350.0,L2_R,R,Roughly traced,ol_intrinsic,L2,VFB_jrmc2fkp,,,,,,,,,,,,,,,,,,,,,,,,,Traced,True,3
24.0,14.0,22538,L2,10350.0,L2_L,L,Prelim Roughly traced,ol_intrinsic,L2,VFB_jrmc2g54,,,,,,,,,,,,,,,,,,,,,,,,,Traced,True,4
13.0,26.0,22539,L2,10350.0,L2_R,R,Roughly traced,ol_intrinsic,L2,VFB_jrmc2fea,,,,,,,,,,,,,,,,,,,,,,,,,Traced,True,3
29.0,34.0,22541,L2,10350.0,L2_R,R,Roughly traced,ol_intrinsic,L2,VFB_jrmc2f96,,,,,,,,,,,,,,,,,,,,,,,[ 8855 22428 25813],,Traced,True,3
12.0,25.0,22542,L2,10350.0,L2_R,R,Roughly traced,ol_intrinsic,L2,VFB_jrmc2euy,,,,,,,,,,,,,,,,,,,,,,,,,Traced,True,3
8.0,22.0,22608,L2,10350.0,L2_L,L,Prelim Roughly traced,ol_intrinsic,L2,VFB_jrmc2fp3,,,,,,,,,,,,,,,,,,,,,,,,,Traced,True,3
15.0,6.0,22614,L2,10350.0,L2_R,R,Roughly traced,ol_intrinsic,L2,VFB_jrmc2fx1,,,,,,,,,,,,,,,,,,,,,,,,,Traced,True,4
13.0,5.0,22642,L2,10350.0,L2_R,R,Roughly traced,ol_intrinsic,L2,VFB_jrmc2ff7,,,,,,,,,,,,,,,,,,,,,,,,,Traced,True,4
27.0,36.0,22647,L2,10350.0,L2_L,L,Prelim Roughly traced,ol_intrinsic,L2,VFB_jrmc2fkv,,,,,,,,,,,,,,,,,,,,,,,[89109 18123 28588],,Traced,True,3
33.0,27.0,22659,L2,10350.0,L2_R,R,Roughly traced,ol_intrinsic,L2,VFB_jrmc2fz7,,,,,,,,,,,,,,,,,,,,,,,,,Traced,True,3
23.0,17.0,22686,L2,10350.0,L2_R,R,Roughly traced,ol_intrinsic,L2,VFB_jrmc2fu3,,,,,,,,,,,,,,,,,,,,,,,,,Traced,True,3
29.0,20.0,22701,L2,10350.0,L2_R,R,Roughly traced,ol_intrinsic,L2,VFB_jrmc2g5i,,,,,,,,,,,,,,,,,,,,,,,,,Traced,True,3
14.0,27.0,22702,L2,10350.0,L2_R,R,Roughly traced,ol_intrinsic,L2,VFB_jrmc2fq4,,,,,,,,,,,,,,,,,,,,,,,,,Traced,True,3
14.0,27.0,22719,L2,10350.0,L2_L,L,Prelim Roughly traced,ol_intrinsic,L2,VFB_jrmc2fj1,,,,,,,,,,,,,,,,,,,,,,,,,Traced,True,3
11.0,24.0,22724,L2,10350.0,L2_R,R,Roughly traced,ol_intrinsic,L2,VFB_jrmc2g1n,,,,,,,,,,,,,,,,,,,,,,,,,Traced,True,3
19.0,6.0,22731,L2,10350.0,L2_R,R,Roughly traced,ol_intrinsic,L2,VFB_jrmc2fsj,,,,,,,,,,,,,,,,,,,,,,,[11017 45865 36340],,Traced,True,4
19.0,33.0,22743,L2,10350.0,L2_R,R,Roughly traced,ol_intrinsic,L2,VFB_jrmc2euf,,,,,,,,,,,,,,,,,,,,,,,,,Traced,True,3
5.0,14.0,22770,L2,10350.0,L2_R,R,Roughly traced,ol_intrinsic,L2,VFB_jrmc2fl9,,,,,,,,,,,,,,,,,,,,,,,,,Traced,True,3
20.0,8.0,22775,L2,10350.0,L2_R,R,Roughly traced,ol_intrinsic,L2,VFB_jrmc2f6z,,,,,,,,,,,,,,,,,,,,,,,,,Traced,True,3
15.0,31.0,22817,L2,10350.0,L2_R,R,Roughly traced,ol_intrinsic,L2,VFB_jrmc2eyh,,,,,,,,,,,,,,,,,,,,,,,,,Traced,True,3
24.0,23.0,22819,L2,10350.0,L2_L,L,Prelim Roughly traced,ol_intrinsic,L2,VFB_jrmc2g5y,,,,,,,,,,,,,,,,,,,,,,,,,Traced,True,4
16.0,31.0,22820,L2,10350.0,L2_R,R,Roughly traced,ol_intrinsic,L2,VFB_jrmc2frw,,,,,,,,,,,,,,,,,,,,,,,,,Traced,True,3
17.0,31.0,22821,L2,10350.0,L2_R,R,Roughly traced,ol_intrinsic,L2,VFB_jrmc2fps,,,,,,,,,,,,,,,,,,,,,,,,,Traced,True,3
11.0,22.0,22830,L2,10350.0,L2_R,R,Roughly traced,ol_intrinsic,L2,VFB_jrmc2fev,,,,,,,,,,,,,,,,,,,,,,,,,Traced,True,3
10.0,23.0,22845,L2,10350.0,L2_R,R,Roughly traced,ol_intrinsic,L2,VFB_jrmc2ffw,,,,,,,,,,,,,,,,,,,,,,,,,Traced,True,3
18.0,6.0,22854,L2,10350.0,L2_R,R,Roughly traced,ol_intrinsic,L2,VFB_jrmc2fxq,,,,,,,,,,,,,,,,,,,,,,,,,Traced,True,4
14.0,5.0,22898,L2,10350.0,L2_R,R,Roughly traced,ol_intrinsic,L2,VFB_jrmc2g5b,,,,,,,,,,,,,,,,,,,,,,,,,Traced,True,4
30.0,37.0,22915,L2,10350.0,L2_L,L,Prelim Roughly traced,ol_intrinsic,L2,VFB_jrmc2fcv,,,,,,,,,,,,,,,,,,,,,,,[86612 15901 27868],,Traced,True,3
12.0,23.0,22921,L2,10350.0,L2_R,R,Roughly traced,ol_intrinsic,L2,VFB_jrmc2fcg,,,,,,,,,,,,,,,,,,,,,,,,,Traced,True,3
13.0,30.0,22939,L2,10350.0,L2_R,R,Roughly traced,ol_intrinsic,L2,VFB_jrmc2ew3,,,,,,,,,,,,,,,,,,,,,,,,,Traced,True,3
9.0,28.0,22946,L2,10350.0,L2_L,L,Prelim Roughly traced,ol_intrinsic,L2,VFB_jrmc2evi,,,,,,,,,,,,,,,,,,,,,,,,,Traced,True,3
26.0,17.0,22949,L2,10350.0,L2_R,R,Roughly traced,ol_intrinsic,L2,VFB_jrmc2fdc,,,,,,,,,,,,,,,,,,,,,,,[ 7355 33997 32399],,Traced,True,3
17.0,33.0,22973,L2,10350.0,L2_R,R,Roughly traced,ol_intrinsic,L2,VFB_jrmc2fem,,,,,,,,,,,,,,,,,,,,,,,[ 2734 29372 31740],,Traced,True,3
10.0,22.0,22980,L2,10350.0,L2_R,R,Roughly traced,ol_intrinsic,L2,VFB_jrmc2f8i,,,,,,,,,,,,,,,,,,,,,,,,,Traced,True,3
33.0,24.0,23032,L2,10350.0,L2_R,R,Roughly traced,ol_intrinsic,L2,VFB_jrmc2fop,,,,,,,,,,,,,,,,,,,,,,,[ 8098 24213 34622],,Traced,True,3
13.0,4.0,23040,L2,10350.0,L2_L,L,Prelim Roughly traced,ol_intrinsic,L2,VFB_jrmc2g5t,,,,,,,,,,,,,,,,,,,,,,,,,Traced,True,3
11.0,26.0,23060,L2,10350.0,L2_R,R,Roughly traced,ol_intrinsic,L2,VFB_jrmc2fd0,,,,,,,,,,,,,,,,,,,,,,,,,Traced,True,3
19.0,7.0,23064,L2,10350.0,L2_R,R,Roughly traced,ol_intrinsic,L2,VFB_jrmc2g68,,,,,,,,,,,,,,,,,,,,,,,,,Traced,True,3
10.0,13.0,23075,L2,10350.0,L2_L,L,Prelim Roughly traced,ol_intrinsic,L2,VFB_jrmc2fb5,,,,,,,,,,,,,,,,,,,,,,,,,Traced,True,4
7.0,17.0,23078,L2,10350.0,L2_R,R,Roughly traced,ol_intrinsic,L2,VFB_jrmc2f7s,,,,,,,,,,,,,,,,,,,,,,,,,Traced,True,3
10.0,24.0,23084,L2,10350.0,L2_R,R,Roughly traced,ol_intrinsic,L2,VFB_jrmc2ftx,,,,,,,,,,,,,,,,,,,,,,,,,Traced,True,3
19.0,32.0,23110,L2,10350.0,L2_R,R,Roughly traced,ol_intrinsic,L2,VFB_jrmc2fy5,,,,,,,,,,,,,,,,,,,,,,,,,Traced,True,3
9.0,22.0,23146,L2,10350.0,L2_R,R,Roughly traced,ol_intrinsic,L2,VFB_jrmc2ftm,,,,,,,,,,,,,,,,,,,,,,,,,Traced,True,3
26.0,34.0,23156,L2,10350.0,L2_L,L,Prelim Roughly traced,ol_intrinsic,L2,VFB_jrmc2g6s,,,,,,,,,,,,,,,,,,,,,,,[89081 20065 26409],,Traced,True,3
11.0,28.0,23205,L2,10350.0,L2_R,R,Roughly traced,ol_intrinsic,L2,VFB_jrmc2ft7,,,,,,,,,,,,,,,,,,,,,,,,,Traced,True,3
15.0,29.0,23225,L2,10350.0,L2_R,R,Roughly traced,ol_intrinsic,L2,VFB_jrmc2fy2,,,,,,,,,,,,,,,,,,,,,,,,,Traced,True,3
17.0,5.0,23251,L2,10350.0,L2_R,R,Roughly traced,ol_intrinsic,L2,VFB_jrmc2fff,,,,,,,,,,,,,,,,,,,,,,,,,Traced,True,3
8.0,22.0,23253,L2,10350.0,L2_R,R,Roughly traced,ol_intrinsic,L2,VFB_jrmc2fns,,,,,,,,,,,,,,,,,,,,,,,,,Traced,True,3
13.0,27.0,23268,L2,10350.0,L2_R,R,Roughly traced,ol_intrinsic,L2,VFB_jrmc2eux,,,,,,,,,,,,,,,,,,,,,,,,,Traced,True,3
13.0,24.0,23272,L2,10350.0,L2_R,R,Roughly traced,ol_intrinsic,L2,VFB_jrmc2fzv,,,,,,,,,,,,,,,,,,,,,,,,,Traced,True,3
35.0,30.0,23280,L2,10350.0,L2_L,L,Prelim Roughly traced,ol_intrinsic,L2,VFB_jrmc2f9a,,,,,,,,,,,,,,,,,,,,,,,[81100 18460 21338],,Traced,True,4
21.0,10.0,23300,L2,10350.0,L2_R,R,Roughly traced,ol_intrinsic,L2,VFB_jrmc2f41,,,,,,,,,,,,,,,,,,,,,,,[ 8922 42145 34414],,Traced,True,3
7.0,18.0,23306,L2,10350.0,L2_R,R,Roughly traced,ol_intrinsic,L2,VFB_jrmc2ey3,,,,,,,,,,,,,,,,,,,,,,,,,Traced,True,3
21.0,21.0,23321,L2,10350.0,L2_R,R,Roughly traced,ol_intrinsic,L2,VFB_jrmc2ey4,,,,,,,,,,,,,,,,,,,,,,,,,Traced,True,3
14.0,26.0,23335,L2,10350.0,L2_R,R,Roughly traced,ol_intrinsic,L2,VFB_jrmc2fc1,,,,,,,,,,,,,,,,,,,,,,,,,Traced,True,3
16.0,29.0,23348,L2,10350.0,L2_R,R,Roughly traced,ol_intrinsic,L2,VFB_jrmc2g1m,,,,,,,,,,,,,,,,,,,,,,,,,Traced,True,3
25.0,28.0,23364,L2,10350.0,L2_L,L,Prelim Roughly traced,ol_intrinsic,L2,VFB_jrmc2fwp,,,,,,,,,,,,,,,,,,,,,,,,,Traced,True,4
15.0,27.0,23390,L2,10350.0,L2_R,R,Roughly traced,ol_intrinsic,L2,VFB_jrmc2fz9,,,,,,,,,,,,,,,,,,,,,,,,,Traced,True,3
32.0,22.0,23427,L2,10350.0,L2_R,R,Roughly traced,ol_intrinsic,L2,VFB_jrmc2fok,,,,,,,,,,,,,,,,,,,,,,,,,Traced,True,3
11.0,25.0,23455,L2,10350.0,L2_R,R,Roughly traced,ol_intrinsic,L2,VFB_jrmc2frc,,,,,,,,,,,,,,,,,,,,,,,,,Traced,True,3
30.0,22.0,23460,L2,10350.0,L2_R,R,Roughly traced,ol_intrinsic,L2,VFB_jrmc2feu,,,,,,,,,,,,,,,,,,,,,,,,,Traced,True,3
14.0,25.0,23466,L2,10350.0,L2_R,R,Roughly traced,ol_intrinsic,L2,VFB_jrmc2fsd,,,,,,,,,,,,,,,,,,,,,,,,,Traced,True,3
10.0,25.0,23515,L2,10350.0,L2_R,R,Roughly traced,ol_intrinsic,L2,VFB_jrmc2fy7,,,,,,,,,,,,,,,,,,,,,,,,,Traced,True,3
24.0,37.0,23529,L2,10350.0,L2_R,R,Roughly traced,ol_intrinsic,L2,VFB_jrmc2fsr,,,,,,,,,,,,,,,,,,,,,,,[ 4549 23804 31900],,Traced,True,3
30.0,38.0,23557,L2,10350.0,L2_L,L,Prelim Roughly traced,ol_intrinsic,L2,VFB_jrmc2f0a,,,,,,,,,,,,,,,,,,,,,,,[87060 15224 29498],,Traced,True,3
25.0,35.0,23572,L2,10350.0,L2_R,R,Roughly traced,ol_intrinsic,L2,VFB_jrmc2g3j,,,,,,,,,,,,,,,,,,,,,,,,,Traced,True,3
13.0,25.0,23580,L2,10350.0,L2_R,R,Roughly traced,ol_intrinsic,L2,VFB_jrmc2ewz,,,,,,,,,,,,,,,,,,,,,,,,,Traced,True,3
12.0,29.0,23605,L2,10350.0,L2_R,R,Roughly traced,ol_intrinsic,L2,VFB_jrmc2ew6,,,,,,,,,,,,,,,,,,,,,,,,,Traced,True,3
15.0,28.0,23624,L2,10350.0,L2_L,L,Prelim Roughly traced,ol_intrinsic,L2,VFB_jrmc2fjl,,,,,,,,,,,,,,,,,,,,,,,,,Traced,True,3
30.0,29.0,23633,L2,10350.0,L2_R,R,Roughly traced,ol_intrinsic,L2,VFB_jrmc2f3r,,,,,,,,,,,,,,,,,,,,,,,,,Traced,True,3
12.0,24.0,23635,L2,10350.0,L2_R,R,Roughly traced,ol_intrinsic,L2,VFB_jrmc2g21,,,,,,,,,,,,,,,,,,,,,,,,,Traced,True,3
24.0,32.0,23641,L2,10350.0,L2_R,R,Roughly traced,ol_intrinsic,L2,VFB_jrmc2g69,,,,,,,,,,,,,,,,,,,,,,,,,Traced,True,3
12.0,27.0,23669,L2,10350.0,L2_R,R,Roughly traced,ol_intrinsic,L2,VFB_jrmc2fo9,,,,,,,,,,,,,,,,,,,,,,,,,Traced,True,3
34.0,27.0,23706,L2,10350.0,L2_R,R,Roughly traced,ol_intrinsic,L2,VFB_jrmc2f5h,,,,,,,,,,,,,,,,,,,,,,,,,Traced,True,3
29.0,37.0,23707,L2,10350.0,L2_R,R,Roughly traced,ol_intrinsic,L2,VFB_jrmc2g0g,,,,,,,,,,,,,,,,,,,,,,,,,Traced,True,3
29.0,35.0,23722,L2,10350.0,L2_L,L,Prelim Roughly traced,ol_intrinsic,L2,VFB_jrmc2f4l,,,,,,,,,,,,,,,,,,,,,,,,,Traced,True,3
13.0,23.0,23803,L2,10350.0,L2_R,R,Roughly traced,ol_intrinsic,L2,VFB_jrmc2f35,,,,,,,,,,,,,,,,,,,,,,,,,Traced,True,3
33.0,33.0,23823,L2,10350.0,L2_L,L,Prelim Roughly traced,ol_intrinsic,L2,VFB_jrmc2fla,,,,,,,,,,,,,,,,,,,,,,,[82912 17692 22830],,Traced,True,4
15.0,30.0,23824,L2,10350.0,L2_R,R,Roughly traced,ol_intrinsic,L2,VFB_jrmc2f25,,,,,,,,,,,,,,,,,,,,,,,,,Traced,True,3
10.0,26.0,23828,L2,10350.0,L2_R,R,Roughly traced,ol_intrinsic,L2,VFB_jrmc2fnh,,,,,,,,,,,,,,,,,,,,,,,,,Traced,True,3
26.0,37.0,23834,L2,10350.0,L2_L,L,Prelim Roughly traced,ol_intrinsic,L2,VFB_jrmc2ex0,,,,,,,,,,,,,,,,,,,,,,,[89856 18942 29778],,Traced,True,3
23.0,11.0,23894,L2,10350.0,L2_R,R,Roughly traced,ol_intrinsic,L2,VFB_jrmc2fqp,,,,,,,,,,,,,,,,,,,,,,,,,Traced,True,3
35.0,31.0,23910,L2,10350.0,L2_R,R,Roughly traced,ol_intrinsic,L2,VFB_jrmc2fra,,,,,,,,,,,,,,,,,,,,,,,[15684 21464 21755],,Traced,True,3
26.0,22.0,23912,L2,10350.0,L2_R,R,Roughly traced,ol_intrinsic,L2,VFB_jrmc2f9f,,,,,,,,,,,,,,,,,,,,,,,,,Traced,True,3
9.0,24.0,23914,L2,10350.0,L2_R,R,Roughly traced,ol_intrinsic,L2,VFB_jrmc2fip,,,,,,,,,,,,,,,,,,,,,,,,,Traced,True,3
8.0,13.0,23934,L2,10350.0,L2_R,R,Roughly traced,ol_intrinsic,L2,VFB_jrmc2exm,,,,,,,,,,,,,,,,,,,,,,,,,Traced,True,3
14.0,6.0,23948,L2,10350.0,L2_R,R,Roughly traced,ol_intrinsic,L2,VFB_jrmc2fbt,,,,,,,,,,,,,,,,,,,,,,,,,Traced,True,4
20.0,34.0,23974,L2,10350.0,L2_R,R,Roughly traced,ol_intrinsic,L2,VFB_jrmc2f5i,,,,,,,,,,,,,,,,,,,,,,,[ 3308 27170 31120],,Traced,True,3
14.0,2.0,23987,L2,10350.0,L2_L,L,Prelim Roughly traced,ol_intrinsic,L2,VFB_jrmc2g3s,,,,,,,,,,,,,,,,,,,,,,,,,Traced,True,4
23.0,30.0,24007,L2,10350.0,L2_R,R,Roughly traced,ol_intrinsic,L2,VFB_jrmc2ewl,,,,,,,,,,,,,,,,,,,,,,,,,Traced,True,3
19.0,4.0,24009,L2,10350.0,L2_L,L,Prelim Roughly traced,ol_intrinsic,L2,VFB_jrmc2g0x,,,,,,,,,,,,,,,,,,,,,,,,,Traced,True,4
24.0,37.0,24017,L2,10350.0,L2_L,L,Prelim Roughly traced,ol_intrinsic,L2,VFB_jrmc2fkn,,,,,,,,,,,,,,,,,,,,,,,[91026 19644 31112],,Traced,True,3
14.0,7.0,24045,L2,10350.0,L2_R,R,Roughly traced,ol_intrinsic,L2,VFB_jrmc2fpn,,,,,,,,,,,,,,,,,,,,,,,,,Traced,True,3
16.0,27.0,24080,L2,10350.0,L2_R,R,Roughly traced,ol_intrinsic,L2,VFB_jrmc2fb9,,,,,,,,,,,,,,,,,,,,,,,,,Traced,True,3
16.0,32.0,24081,L2,10350.0,L2_R,R,Roughly traced,ol_intrinsic,L2,VFB_jrmc2fcu,,,,,,,,,,,,,,,,,,,,,,,,,Traced,True,3
15.0,29.0,24083,L2,10350.0,L2_L,L,Prelim Roughly traced,ol_intrinsic,L2,VFB_jrmc2f80,,,,,,,,,,,,,,,,,,,,,,,,,Traced,True,3
23.0,29.0,24085,L2,10350.0,L2_R,R,Roughly traced,ol_intrinsic,L2,VFB_jrmc2fgy,,,,,,,,,,,,,,,,,,,,,,,,,Traced,True,3
15.0,26.0,24089,L2,10350.0,L2_R,R,Roughly traced,ol_intrinsic,L2,VFB_jrmc2frt,,,,,,,,,,,,,,,,,,,,,,,,,Traced,True,3
12.0,23.0,24092,L2,10350.0,L2_L,L,Prelim Roughly traced,ol_intrinsic,L2,VFB_jrmc2f07,,,,,,,,,,,,,,,,,,,,,,,,,Traced,True,3
22.0,33.0,24106,L2,10350.0,L2_R,R,Roughly traced,ol_intrinsic,L2,VFB_jrmc2evm,,,,,,,,,,,,,,,,,,,,,,,,,Traced,True,3
9.0,23.0,24108,L2,10350.0,L2_R,R,Roughly traced,ol_intrinsic,L2,VFB_jrmc2fpr,,,,,,,,,,,,,,,,,,,,,,,,,Traced,True,3
33.0,36.0,24109,L2,10350.0,L2_R,R,Roughly traced,ol_intrinsic,L2,VFB_jrmc2g37,,,,,,,,,,,,,,,,,,,,,,,[12718 17656 27084],,Traced,True,3
15.0,28.0,24113,L2,10350.0,L2_R,R,Roughly traced,ol_intrinsic,L2,VFB_jrmc2f5r,,,,,,,,,,,,,,,,,,,,,,,,,Traced,True,3
16.0,29.0,24120,L2,10350.0,L2_L,L,Prelim Roughly traced,ol_intrinsic,L2,VFB_jrmc2fbq,,,,,,,,,,,,,,,,,,,,,,,,,Traced,True,3
21.0,8.0,24124,L2,10350.0,L2_R,R,Roughly traced,ol_intrinsic,L2,VFB_jrmc2fer,,,,,,,,,,,,,,,,,,,,,,,,,Traced,True,4
20.0,7.0,24137,L2,10350.0,L2_R,R,Roughly traced,ol_intrinsic,L2,VFB_jrmc2f46,,,,,,,,,,,,,,,,,,,,,,,,,Traced,True,4
35.0,34.0,24170,L2,10350.0,L2_L,L,Prelim Roughly traced,ol_intrinsic,L2,VFB_jrmc2f8u,,,,,,,,,,,,,,,,,,,,,,,[81262 16101 23818],,Traced,True,3
9.0,23.0,24200,L2,10350.0,L2_L,L,Prelim Roughly traced,ol_intrinsic,L2,VFB_jrmc2f2a,,,,,,,,,,,,,,,,,,,,,,,,,Traced,True,3
20.0,32.0,24201,L2,10350.0,L2_R,R,Roughly traced,ol_intrinsic,L2,VFB_jrmc2fo0,,,,,,,,,,,,,,,,,,,,,,,,,Traced,True,3
17.0,5.0,24205,L2,10350.0,L2_L,L,Prelim Roughly traced,ol_intrinsic,L2,VFB_jrmc2fmw,,,,,,,,,,,,,,,,,,,,,,,,,Traced,True,3
11.0,30.0,24210,L2,10350.0,L2_R,R,Roughly traced,ol_intrinsic,L2,VFB_jrmc2f8w,,,,,,,,,,,,,,,,,,,,,,,[ 2666 34310 31634],,Traced,True,3
29.0,37.0,24228,L2,10350.0,L2_L,L,Prelim Roughly traced,ol_intrinsic,L2,VFB_jrmc2f83,,,,,,,,,,,,,,,,,,,,,,,[86396 15212 28440],,Traced,True,3
18.0,29.0,24236,L2,10350.0,L2_R,R,Roughly traced,ol_intrinsic,L2,VFB_jrmc2g4g,,,,,,,,,,,,,,,,,,,,,,,,,Traced,True,3
23.0,33.0,24240,L2,10350.0,L2_R,R,Roughly traced,ol_intrinsic,L2,VFB_jrmc2g0r,,,,,,,,,,,,,,,,,,,,,,,,,Traced,True,3
29.0,21.0,24280,L2,10350.0,L2_R,R,Roughly traced,ol_intrinsic,L2,VFB_jrmc2g7f,,,,,,,,,,,,,,,,,,,,,,,[ 7730 28904 32600],,Traced,True,3
16.0,12.0,24282,L2,10350.0,L2_L,L,Prelim Roughly traced,ol_intrinsic,L2,VFB_jrmc2f66,,,,,,,,,,,,,,,,,,,,,,,,,Traced,True,4
25.0,13.0,24290,L2,10350.0,L2_R,R,Roughly traced,ol_intrinsic,L2,VFB_jrmc2fbh,,,,,,,,,,,,,,,,,,,,,,,,,Traced,True,4
21.0,21.0,24293,L2,10350.0,L2_L,L,Prelim Roughly traced,ol_intrinsic,L2,VFB_jrmc2fqe,,,,,,,,,,,,,,,,,,,,,,,,,Traced,True,4
6.0,17.0,24353,L2,10350.0,L2_R,R,Roughly traced,ol_intrinsic,L2,VFB_jrmc2flr,,,,,,,,,,,,,,,,,,,,,,,,,Traced,True,3
8.0,18.0,24368,L2,10350.0,L2_R,R,Roughly traced,ol_intrinsic,L2,VFB_jrmc2fdf,,,,,,,,,,,,,,,,,,,,,,,,,Traced,True,3
35.0,28.0,24413,L2,10350.0,L2_R,R,Roughly traced,ol_intrinsic,L2,VFB_jrmc2g65,,,,,,,,,,,,,,,,,,,,,,,[16320 23048 20644],,Traced,True,3
17.0,29.0,24421,L2,10350.0,L2_R,R,Roughly traced,ol_intrinsic,L2,VFB_jrmc2evc,,,,,,,,,,,,,,,,,,,,,,,,,Traced,True,3
9.0,25.0,24430,L2,10350.0,L2_R,R,Roughly traced,ol_intrinsic,L2,VFB_jrmc2fcp,,,,,,,,,,,,,,,,,,,,,,,,,Traced,True,3
16.0,30.0,24431,L2,10350.0,L2_R,R,Roughly traced,ol_intrinsic,L2,VFB_jrmc2g2s,,,,,,,,,,,,,,,,,,,,,,,,,Traced,True,3
31.0,37.0,24432,L2,10350.0,L2_L,L,Prelim Roughly traced,ol_intrinsic,L2,VFB_jrmc2fx8,,,,,,,,,,,,,,,,,,,,,,,[85438 14860 27990],,Traced,True,3
9.0,26.0,24433,L2,10350.0,L2_R,R,Roughly traced,ol_intrinsic,L2,VFB_jrmc2g7j,,,,,,,,,,,,,,,,,,,,,,,,,Traced,True,3
28.0,27.0,24462,L2,10350.0,L2_R,R,Roughly traced,ol_intrinsic,L2,VFB_jrmc2ewi,,,,,,,,,,,,,,,,,,,,,,,,,Traced,True,3
16.0,28.0,24487,L2,10350.0,L2_R,R,Roughly traced,ol_intrinsic,L2,VFB_jrmc2feb,,,,,,,,,,,,,,,,,,,,,,,,,Traced,True,3
31.0,25.0,24494,L2,10350.0,L2_R,R,Roughly traced,ol_intrinsic,L2,VFB_jrmc2eyu,,,,,,,,,,,,,,,,,,,,,,,,,Traced,True,3
17.0,28.0,24501,L2,10350.0,L2_R,R,Roughly traced,ol_intrinsic,L2,VFB_jrmc2fba,,,,,,,,,,,,,,,,,,,,,,,,,Traced,True,3
21.0,36.0,24527,L2,10350.0,L2_L,L,Prelim Roughly traced,ol_intrinsic,L2,VFB_jrmc2fwc,,,,,,,,,,,,,,,,,,,,,,,[92042 22583 31565],,Traced,True,3
34.0,28.0,24530,L2,10350.0,L2_R,R,Roughly traced,ol_intrinsic,L2,VFB_jrmc2ewc,,,,,,,,,,,,,,,,,,,,,,,,,Traced,True,3
17.0,30.0,24547,L2,10350.0,L2_R,R,Roughly traced,ol_intrinsic,L2,VFB_jrmc2f7o,,,,,,,,,,,,,,,,,,,,,,,,,Traced,True,3
15.0,5.0,24607,L2,10350.0,L2_R,R,Roughly traced,ol_intrinsic,L2,VFB_jrmc2fh6,,,,,,,,,,,,,,,,,,,,,,,,,Traced,True,4
23.0,14.0,24651,L2,10350.0,L2_R,R,Roughly traced,ol_intrinsic,L2,VFB_jrmc2f7j,,,,,,,,,,,,,,,,,,,,,,,[ 7642 37628 33190],,Traced,True,4
15.0,3.0,24655,L2,10350.0,L2_L,L,Prelim Roughly traced,ol_intrinsic,L2,VFB_jrmc2fqy,,,,,,,,,,,,,,,,,,,,,,,,,Traced,True,3
34.0,35.0,24689,L2,10350.0,L2_R,R,Roughly traced,ol_intrinsic,L2,VFB_jrmc2etw,,,,,,,,,,,,,,,,,,,,,,,[13412 18510 25158],,Traced,True,3
16.0,7.0,24706,L2,10350.0,L2_R,R,Roughly traced,ol_intrinsic,L2,VFB_jrmc2fow,,,,,,,,,,,,,,,,,,,,,,,,,Traced,True,3
12.0,4.0,24716,L2,10350.0,L2_R,R,Roughly traced,ol_intrinsic,L2,VFB_jrmc2f05,,,,,,,,,,,,,,,,,,,,,,,,,Traced,True,4
32.0,31.0,24739,L2,10350.0,L2_L,L,Prelim Roughly traced,ol_intrinsic,L2,VFB_jrmc2ez3,,,,,,,,,,,,,,,,,,,,,,,,,Traced,True,3
9.0,21.0,24754,L2,10350.0,L2_L,L,Prelim Roughly traced,ol_intrinsic,L2,VFB_jrmc2eub,,,,,,,,,,,,,,,,,,,,,,,,,Traced,True,3
13.0,4.0,24756,L2,10350.0,L2_R,R,Roughly traced,ol_intrinsic,L2,VFB_jrmc2f1x,,,,,,,,,,,,,,,,,,,,,,,[16129 49526 27061],,Traced,True,4
28.0,29.0,24758,L2,10350.0,L2_R,R,Roughly traced,ol_intrinsic,L2,VFB_jrmc2ft6,,,,,,,,,,,,,,,,,,,,,,,,,Traced,True,3
8.0,24.0,24762,L2,10350.0,L2_R,R,Roughly traced,ol_intrinsic,L2,VFB_jrmc2g46,,,,,,,,,,,,,,,,,,,,,,,,,Traced,True,3
24.0,31.0,24767,L2,10350.0,L2_R,R,Roughly traced,ol_intrinsic,L2,VFB_jrmc2ex1,,,,,,,,,,,,,,,,,,,,,,,,,Traced,True,3
28.0,15.0,24793,L2,10350.0,L2_R,R,Roughly traced,ol_intrinsic,L2,VFB_jrmc2g6e,,,,,,,,,,,,,,,,,,,,,,,,,Traced,True,4
23.0,26.0,24812,L2,10350.0,L2_R,R,Roughly traced,ol_intrinsic,L2,VFB_jrmc2fyl,,,,,,,,,,,,,,,,,,,,,,,,,Traced,True,3
5.0,11.0,24815,L2,10350.0,L2_R,R,Roughly traced,ol_intrinsic,L2,VFB_jrmc2g26,,,,,,,,,,,,,,,,,,,,,,,,,Traced,True,3
10.0,21.0,24827,L2,10350.0,L2_R,R,Roughly traced,ol_intrinsic,L2,VFB_jrmc2exx,,,,,,,,,,,,,,,,,,,,,,,,,Traced,True,3
33.0,25.0,24846,L2,10350.0,L2_R,R,Roughly traced,ol_intrinsic,L2,VFB_jrmc2g2c,,,,,,,,,,,,,,,,,,,,,,,,,Traced,True,3
33.0,23.0,24871,L2,10350.0,L2_L,L,Prelim Roughly traced,ol_intrinsic,L2,VFB_jrmc2fet,,,,,,,,,,,,,,,,,,,,,,,[79624 24624 18750],,Traced,True,4
15.0,25.0,24882,L2,10350.0,L2_R,R,Roughly traced,ol_intrinsic,L2,VFB_jrmc2g7k,,,,,,,,,,,,,,,,,,,,,,,,,Traced,True,3
21.0,14.0,24887,L2,10350.0,L2_R,R,Roughly traced,ol_intrinsic,L2,VFB_jrmc2fu5,,,,,,,,,,,,,,,,,,,,,,,,,Traced,True,4
10.0,20.0,24919,L2,10350.0,L2_L,L,Prelim Roughly traced,ol_intrinsic,L2,VFB_jrmc2f4j,,,,,,,,,,,,,,,,,,,,,,,,,Traced,True,3
35.0,29.0,24926,L2,10350.0,L2_R,R,Roughly traced,ol_intrinsic,L2,VFB_jrmc2fh2,,,,,,,,,,,,,,,,,,,,,,,[16494 22626 20838],,Traced,True,3
29.0,28.0,24934,L2,10350.0,L2_R,R,Roughly traced,ol_intrinsic,L2,VFB_jrmc2exk,,,,,,,,,,,,,,,,,,,,,,,,,Traced,True,3
26.0,35.0,24990,L2,10350.0,L2_R,R,Roughly traced,ol_intrinsic,L2,VFB_jrmc2fmm,,,,,,,,,,,,,,,,,,,,,,,,,Traced,True,3
18.0,31.0,25033,L2,10350.0,L2_R,R,Roughly traced,ol_intrinsic,L2,VFB_jrmc2fhm,,,,,,,,,,,,,,,,,,,,,,,,,Traced,True,3
12.0,22.0,25040,L2,10350.0,L2_R,R,Roughly traced,ol_intrinsic,L2,VFB_jrmc2f2j,,,,,,,,,,,,,,,,,,,,,,,,,Traced,True,3
12.0,6.0,25056,L2,10350.0,L2_R,R,Roughly traced,ol_intrinsic,L2,VFB_jrmc2fy4,,,,,,,,,,,,,,,,,,,,,,,,,Traced,True,3
14.0,31.0,25062,L2,10350.0,L2_R,R,Roughly traced,ol_intrinsic,L2,VFB_jrmc2g1t,,,,,,,,,,,,,,,,,,,,,,,,,Traced,True,3
27.0,32.0,25095,L2,10350.0,L2_R,R,Roughly traced,ol_intrinsic,L2,VFB_jrmc2f17,,,,,,,,,,,,,,,,,,,,,,,,,Traced,True,3
30.0,21.0,25102,L2,10350.0,L2_R,R,Roughly traced,ol_intrinsic,L2,VFB_jrmc2f3o,,,,,,,,,,,,,,,,,,,,,,,,,Traced,True,3
17.0,32.0,25130,L2,10350.0,L2_R,R,Roughly traced,ol_intrinsic,L2,VFB_jrmc2fil,,,,,,,,,,,,,,,,,,,,,,,,,Traced,True,3
31.0,27.0,25151,L2,10350.0,L2_L,L,Prelim Roughly traced,ol_intrinsic,L2,VFB_jrmc2fa8,,,,,,,,,,,,,,,,,,,,,,,,,Traced,True,3
6.0,15.0,25214,L2,10350.0,L2_R,R,Roughly traced,ol_intrinsic,L2,VFB_jrmc2fss,,,,,,,,,,,,,,,,,,,,,,,,,Traced,True,3
22.0,13.0,25234,L2,10350.0,L2_R,R,Roughly traced,ol_intrinsic,L2,VFB_jrmc2fnn,,,,,,,,,,,,,,,,,,,,,,,,,Traced,True,3
19.0,31.0,25241,L2,10350.0,L2_R,R,Roughly traced,ol_intrinsic,L2,VFB_jrmc2f1u,,,,,,,,,,,,,,,,,,,,,,,,,Traced,True,3
35.0,27.0,25262,L2,10350.0,L2_R,R,Roughly traced,ol_intrinsic,L2,VFB_jrmc2fvz,,,,,,,,,,,,,,,,,,,,,,,[16838 23558 20486],,Traced,True,3
25.0,23.0,25265,L2,10350.0,L2_L,L,Prelim Roughly traced,ol_intrinsic,L2,VFB_jrmc2f9z,,,,,,,,,,,,,,,,,,,,,,,,,Traced,True,4
28.0,36.0,25277,L2,10350.0,L2_R,R,Roughly traced,ol_intrinsic,L2,VFB_jrmc2g78,,,,,,,,,,,,,,,,,,,,,,,,,Traced,True,3
18.0,30.0,25280,L2,10350.0,L2_R,R,Roughly traced,ol_intrinsic,L2,VFB_jrmc2fai,,,,,,,,,,,,,,,,,,,,,,,,,Traced,True,3
31.0,29.0,25282,L2,10350.0,L2_L,L,Prelim Roughly traced,ol_intrinsic,L2,VFB_jrmc2fgs,,,,,,,,,,,,,,,,,,,,,,,,,Traced,True,3
34.0,30.0,25309,L2,10350.0,L2_R,R,Roughly traced,ol_intrinsic,L2,VFB_jrmc2ex7,,,,,,,,,,,,,,,,,,,,,,,,,Traced,True,3
26.0,33.0,25315,L2,10350.0,L2_R,R,Roughly traced,ol_intrinsic,L2,VFB_jrmc2f3p,,,,,,,,,,,,,,,,,,,,,,,,,Traced,True,3
34.0,34.0,25317,L2,10350.0,L2_R,R,Roughly traced,ol_intrinsic,L2,VFB_jrmc2g0i,,,,,,,,,,,,,,,,,,,,,,,[13594 19366 24382],,Traced,True,3
23.0,15.0,25337,L2,10350.0,L2_R,R,Roughly traced,ol_intrinsic,L2,VFB_jrmc2f2l,,,,,,,,,,,,,,,,,,,,,,,,,Traced,True,3
24.0,30.0,25341,L2,10350.0,L2_R,R,Roughly traced,ol_intrinsic,L2,VFB_jrmc2g1g,,,,,,,,,,,,,,,,,,,,,,,,,Traced,True,3
30.0,23.0,25347,L2,10350.0,L2_R,R,Roughly traced,ol_intrinsic,L2,VFB_jrmc2fbu,,,,,,,,,,,,,,,,,,,,,,,,,Traced,True,3
22.0,10.0,25365,L2,10350.0,L2_R,R,Roughly traced,ol_intrinsic,L2,VFB_jrmc2g4u,,,,,,,,,,,,,,,,,,,,,,,,,Traced,True,4
11.0,5.0,25374,L2,10350.0,L2_R,R,Roughly traced,ol_intrinsic,L2,VFB_jrmc2fwg,,,,,,,,,,,,,,,,,,,,,,,,,Traced,True,3
20.0,15.0,25387,L2,10350.0,L2_R,R,Roughly traced,ol_intrinsic,L2,VFB_jrmc2fqw,,,,,,,,,,,,,,,,,,,,,,,,,Traced,True,3
7.0,19.0,25408,L2,10350.0,L2_R,R,Roughly traced,ol_intrinsic,L2,VFB_jrmc2fk6,,,,,,,,,,,,,,,,,,,,,,,,,Traced,True,3
35.0,28.0,25429,L2,10350.0,L2_L,L,Prelim Roughly traced,ol_intrinsic,L2,VFB_jrmc2fef,,,,,,,,,,,,,,,,,,,,,,,[80734 20532 19248],,Traced,True,4
30.0,38.0,25430,L2,10350.0,L2_R,R,Roughly traced,ol_intrinsic,L2,VFB_jrmc2f6k,,,,,,,,,,,,,,,,,,,,,,,[ 7158 19366 31050],,Traced,True,3
8.0,11.0,25431,L2,10350.0,L2_R,R,Roughly traced,ol_intrinsic,L2,VFB_jrmc2f6o,,,,,,,,,,,,,,,,,,,,,,,,,Traced,True,3
6.0,14.0,25442,L2,10350.0,L2_R,R,Roughly traced,ol_intrinsic,L2,VFB_jrmc2fvs,,,,,,,,,,,,,,,,,,,,,,,,,Traced,True,3
26.0,31.0,25485,L2,10350.0,L2_R,R,Roughly traced,ol_intrinsic,L2,VFB_jrmc2g7h,,,,,,,,,,,,,,,,,,,,,,,,,Traced,True,3
24.0,16.0,25500,L2,10350.0,L2_L,L,Prelim Roughly traced,ol_intrinsic,L2,VFB_jrmc2flm,,,,,,,,,,,,,,,,,,,,,,,,,Traced,True,3
8.0,23.0,25508,L2,10350.0,L2_R,R,Roughly traced,ol_intrinsic,L2,VFB_jrmc2ezd,,,,,,,,,,,,,,,,,,,,,,,[ 4264 41488 29562],,Traced,True,3
8.0,21.0,25515,L2,10350.0,L2_R,R,Roughly traced,ol_intrinsic,L2,VFB_jrmc2f51,,,,,,,,,,,,,,,,,,,,,,,,,Traced,True,3
25.0,32.0,25531,L2,10350.0,L2_R,R,Roughly traced,ol_intrinsic,L2,VFB_jrmc2fxp,,,,,,,,,,,,,,,,,,,,,,,,,Traced,True,3
20.0,33.0,25545,L2,10350.0,L2_R,R,Roughly traced,ol_intrinsic,L2,VFB_jrmc2fhk,,,,,,,,,,,,,,,,,,,,,,,[ 3617 27551 29744],,Traced,True,3
35.0,31.0,25551,L2,10350.0,L2_L,L,Prelim Roughly traced,ol_intrinsic,L2,VFB_jrmc2fbl,,,,,,,,,,,,,,,,,,,,,,,[80024 18052 21535],,Traced,True,4
32.0,32.0,25581,L2,10350.0,L2_R,R,Roughly traced,ol_intrinsic,L2,VFB_jrmc2g7e,,,,,,,,,,,,,,,,,,,,,,,,,Traced,True,3
26.0,27.0,25595,L2,10350.0,L2_L,L,Prelim Roughly traced,ol_intrinsic,L2,VFB_jrmc2f6m,,,,,,,,,,,,,,,,,,,,,,,,,Traced,True,4
27.0,27.0,25606,L2,10350.0,L2_R,R,Roughly traced,ol_intrinsic,L2,VFB_jrmc2g23,,,,,,,,,,,,,,,,,,,,,,,,,Traced,True,3
23.0,10.0,25618,L2,10350.0,L2_R,R,Roughly traced,ol_intrinsic,L2,VFB_jrmc2fab,,,,,,,,,,,,,,,,,,,,,,,,,Traced,True,3
27.0,35.0,25627,L2,10350.0,L2_R,R,Roughly traced,ol_intrinsic,L2,VFB_jrmc2f0x,,,,,,,,,,,,,,,,,,,,,,,,,Traced,True,3
19.0,6.0,25642,L2,10350.0,L2_L,L,Prelim Roughly traced,ol_intrinsic,L2,VFB_jrmc2fya,,,,,,,,,,,,,,,,,,,,,,,,,Traced,True,4
5.0,15.0,25645,L2,10350.0,L2_R,R,Roughly traced,ol_intrinsic,L2,VFB_jrmc2fi9,,,,,,,,,,,,,,,,,,,,,,,,,Traced,True,3
5.0,13.0,25660,L2,10350.0,L2_R,R,Roughly traced,ol_intrinsic,L2,VFB_jrmc2fsy,,,,,,,,,,,,,,,,,,,,,,,,,Traced,True,3
22.0,25.0,25692,L2,10350.0,L2_L,L,Prelim Roughly traced,ol_intrinsic,L2,VFB_jrmc2ffm,,,,,,,,,,,,,,,,,,,,,,,,,Traced,True,4
22.0,12.0,25717,L2,10350.0,L2_R,R,Roughly traced,ol_intrinsic,L2,VFB_jrmc2fgx,,,,,,,,,,,,,,,,,,,,,,,,,Traced,True,3
4.0,15.0,25720,L2,10350.0,L2_L,L,Reviewed,ol_intrinsic,L2,VFB_jrmc2frv,,,,,,,,,,,,,,,,,,,,,,,,,Traced,True,3
5.0,16.0,25748,L2,10350.0,L2_R,R,Roughly traced,ol_intrinsic,L2,VFB_jrmc2fa9,,,,,,,,,,,,,,,,,,,,,,,,,Traced,True,3
25.0,34.0,25757,L2,10350.0,L2_R,R,Roughly traced,ol_intrinsic,L2,VFB_jrmc2f56,,,,,,,,,,,,,,,,,,,,,,,,,Traced,True,3
6.0,11.0,25779,L2,10350.0,L2_R,R,Roughly traced,ol_intrinsic,L2,VFB_jrmc2flu,,,,,,,,,,,,,,,,,,,,,,,,,Traced,True,3
5.0,8.0,25788,L2,10350.0,L2_L,L,Prelim Roughly traced,ol_intrinsic,L2,VFB_jrmc2fmc,,,,,,,,,,,,,,,,,,,,,,,,,Traced,True,4
9.0,13.0,25801,L2,10350.0,L2_R,R,Roughly traced,ol_intrinsic,L2,VFB_jrmc2ezt,,,,,,,,,,,,,,,,,,,,,,,,,Traced,True,3
18.0,5.0,25807,L2,10350.0,L2_R,R,Roughly traced,ol_intrinsic,L2,VFB_jrmc2f7c,,,,,,,,,,,,,,,,,,,,,,,,,Traced,True,3
12.0,5.0,25809,L2,10350.0,L2_R,R,Roughly traced,ol_intrinsic,L2,VFB_jrmc2fm8,,,,,,,,,,,,,,,,,,,,,,,,,Traced,True,3
7.0,13.0,25816,L2,10350.0,L2_R,R,Roughly traced,ol_intrinsic,L2,VFB_jrmc2feo,,,,,,,,,,,,,,,,,,,,,,,,,Traced,True,3
24.0,14.0,25867,L2,10350.0,L2_R,R,Roughly traced,ol_intrinsic,L2,VFB_jrmc2fzj,,,,,,,,,,,,,,,,,,,,,,,,,Traced,True,4
27.0,36.0,25884,L2,10350.0,L2_R,R,Roughly traced,ol_intrinsic,L2,VFB_jrmc2fp4,,,,,,,,,,,,,,,,,,,,,,,,,Traced,True,3
18.0,7.0,25895,L2,10350.0,L2_L,L,Prelim Roughly traced,ol_intrinsic,L2,VFB_jrmc2frn,,,,,,,,,,,,,,,,,,,,,,,,,Traced,True,3
33.0,32.0,25904,L2,10350.0,L2_L,L,Prelim Roughly traced,ol_intrinsic,L2,VFB_jrmc2fpx,,,,,,,,,,,,,,,,,,,,,,,,,Traced,True,4
7.0,11.0,25930,L2,10350.0,L2_R,R,Roughly traced,ol_intrinsic,L2,VFB_jrmc2ff2,,,,,,,,,,,,,,,,,,,,,,,,,Traced,True,3
31.0,33.0,25942,L2,10350.0,L2_L,L,Prelim Roughly traced,ol_intrinsic,L2,VFB_jrmc2fyg,,,,,,,,,,,,,,,,,,,,,,,,,Traced,True,3
6.0,18.0,25950,L2,10350.0,L2_R,R,Roughly traced,ol_intrinsic,L2,VFB_jrmc2g7m,,,,,,,,,,,,,,,,,,,,,,,,,Traced,True,3
11.0,21.0,25986,L2,10350.0,L2_R,R,Roughly traced,ol_intrinsic,L2,VFB_jrmc2g4w,,,,,,,,,,,,,,,,,,,,,,,,,Traced,True,3
25.0,35.0,25996,L2,10350.0,L2_L,L,Prelim Roughly traced,ol_intrinsic,L2,VFB_jrmc2fix,,,,,,,,,,,,,,,,,,,,,,,,,Traced,True,3
22.0,11.0,26000,L2,10350.0,L2_R,R,Roughly traced,ol_intrinsic,L2,VFB_jrmc2g05,,,,,,,,,,,,,,,,,,,,,,,,,Traced,True,3
20.0,29.0,26022,L2,10350.0,L2_R,R,Roughly traced,ol_intrinsic,L2,VFB_jrmc2g5s,,,,,,,,,,,,,,,,,,,,,,,,,Traced,True,3
11.0,6.0,26024,L2,10350.0,L2_R,R,Roughly traced,ol_intrinsic,L2,VFB_jrmc2ff9,,,,,,,,,,,,,,,,,,,,,,,,,Traced,True,3
27.0,31.0,26025,L2,10350.0,L2_R,R,Roughly traced,ol_intrinsic,L2,VFB_jrmc2g3z,,,,,,,,,,,,,,,,,,,,,,,,,Traced,True,3
33.0,30.0,26029,L2,10350.0,L2_R,R,Roughly traced,ol_intrinsic,L2,VFB_jrmc2fsh,,,,,,,,,,,,,,,,,,,,,,,,,Traced,True,3
22.0,31.0,26030,L2,10350.0,L2_R,R,Roughly traced,ol_intrinsic,L2,VFB_jrmc2eu9,,,,,,,,,,,,,,,,,,,,,,,,,Traced,True,3
18.0,18.0,26067,L2,10350.0,L2_R,R,Roughly traced,ol_intrinsic,L2,VFB_jrmc2g77,,,,,,,,,,,,,,,,,,,,,,,,,Traced,True,3
33.0,26.0,26073,L2,10350.0,L2_R,R,Roughly traced,ol_intrinsic,L2,VFB_jrmc2eyr,,,,,,,,,,,,,,,,,,,,,,,,,Traced,True,3
30.0,24.0,26083,L2,10350.0,L2_R,R,Roughly traced,ol_intrinsic,L2,VFB_jrmc2fa0,,,,,,,,,,,,,,,,,,,,,,,,,Traced,True,3
18.0,28.0,26157,L2,10350.0,L2_R,R,Roughly traced,ol_intrinsic,L2,VFB_jrmc2fxu,,,,,,,,,,,,,,,,,,,,,,,,,Traced,True,3
31.0,38.0,26175,L2,10350.0,L2_R,R,Roughly traced,ol_intrinsic,L2,VFB_jrmc2g34,,,,,,,,,,,,,,,,,,,,,,,[ 8450 18606 30518],,Traced,True,3
35.0,33.0,26176,L2,10350.0,L2_L,L,Prelim Roughly traced,ol_intrinsic,L2,VFB_jrmc2f7x,,,,,,,,,,,,,,,,,,,,,,,[81664 17092 22544],,Traced,True,4
30.0,35.0,26177,L2,10350.0,L2_R,R,Roughly traced,ol_intrinsic,L2,VFB_jrmc2fqu,,,,,,,,,,,,,,,,,,,,,,,,,Traced,True,3
26.0,34.0,26190,L2,10350.0,L2_R,R,Roughly traced,ol_intrinsic,L2,VFB_jrmc2ff5,,,,,,,,,,,,,,,,,,,,,,,,,Traced,True,3
35.0,32.0,26218,L2,10350.0,L2_L,L,Prelim Roughly traced,ol_intrinsic,L2,VFB_jrmc2fql,,,,,,,,,,,,,,,,,,,,,,,[80878 17490 22254],,Traced,True,4
36.0,34.0,26224,L2,10350.0,L2_L,L,Prelim Roughly traced,ol_intrinsic,L2,VFB_jrmc2f15,,,,,,,,,,,,,,,,,,,,,,,[80752 16538 23218],,Traced,True,4
8.0,14.0,26237,L2,10350.0,L2_R,R,Roughly traced,ol_intrinsic,L2,VFB_jrmc2ftl,,,,,,,,,,,,,,,,,,,,,,,,,Traced,True,3
25.0,21.0,26247,L2,10350.0,L2_R,R,Roughly traced,ol_intrinsic,L2,VFB_jrmc2fws,,,,,,,,,,,,,,,,,,,,,,,,,Traced,True,3
10.0,13.0,26254,L2,10350.0,L2_R,R,Roughly traced,ol_intrinsic,L2,VFB_jrmc2f43,,,,,,,,,,,,,,,,,,,,,,,,,Traced,True,3
25.0,22.0,26282,L2,10350.0,L2_R,R,Roughly traced,ol_intrinsic,L2,VFB_jrmc2fua,,,,,,,,,,,,,,,,,,,,,,,[11074 30820 25548],,Traced,True,3
33.0,31.0,26288,L2,10350.0,L2_L,L,Prelim Roughly traced,ol_intrinsic,L2,VFB_jrmc2fs2,,,,,,,,,,,,,,,,,,,,,,,,,Traced,True,4
21.0,13.0,26298,L2,10350.0,L2_R,R,Roughly traced,ol_intrinsic,L2,VFB_jrmc2foe,,,,,,,,,,,,,,,,,,,,,,,,,Traced,True,3
28.0,21.0,26319,L2,10350.0,L2_R,R,Roughly traced,ol_intrinsic,L2,VFB_jrmc2fgo,,,,,,,,,,,,,,,,,,,,,,,,,Traced,True,3
11.0,14.0,26327,L2,10350.0,L2_L,L,Prelim Roughly traced,ol_intrinsic,L2,VFB_jrmc2fg0,,,,,,,,,,,,,,,,,,,,,,,,,Traced,True,4
9.0,27.0,26328,L2,10350.0,L2_R,R,Roughly traced,ol_intrinsic,L2,VFB_jrmc2flj,,,,,,,,,,,,,,,,,,,,,,,,,Traced,True,3
31.0,33.0,26346,L2,10350.0,L2_R,R,Roughly traced,ol_intrinsic,L2,VFB_jrmc2fp5,,,,,,,,,,,,,,,,,,,,,,,,,Traced,True,3
9.0,14.0,26351,L2,10350.0,L2_R,R,Roughly traced,ol_intrinsic,L2,VFB_jrmc2fh7,,,,,,,,,,,,,,,,,,,,,,,,,Traced,True,3
29.0,22.0,26360,L2,10350.0,L2_L,L,Prelim Roughly traced,ol_intrinsic,L2,VFB_jrmc2fur,,,,,,,,,,,,,,,,,,,,,,,,,Traced,True,3
29.0,17.0,26389,L2,10350.0,L2_R,R,Roughly traced,ol_intrinsic,L2,VFB_jrmc2f3u,,,,,,,,,,,,,,,,,,,,,,,,,Traced,True,3
18.0,34.0,26395,L2,10350.0,L2_R,R,Roughly traced,ol_intrinsic,L2,VFB_jrmc2f1m,,,,,,,,,,,,,,,,,,,,,,,[ 3280 28154 32033],,Traced,True,3
31.0,30.0,26414,L2,10350.0,L2_L,L,Prelim Roughly traced,ol_intrinsic,L2,VFB_jrmc2fo2,,,,,,,,,,,,,,,,,,,,,,,,,Traced,True,3
21.0,12.0,26433,L2,10350.0,L2_R,R,Roughly traced,ol_intrinsic,L2,VFB_jrmc2frm,,,,,,,,,,,,,,,,,,,,,,,,,Traced,True,4
32.0,20.0,26444,L2,10350.0,L2_R,R,Roughly traced,ol_intrinsic,L2,VFB_jrmc2fxk,,,,,,,,,,,,,,,,,,,,,,,,,Traced,True,3
25.0,31.0,26447,L2,10350.0,L2_R,R,Roughly traced,ol_intrinsic,L2,VFB_jrmc2f3h,,,,,,,,,,,,,,,,,,,,,,,,,Traced,True,3
14.0,4.0,26449,L2,10350.0,L2_R,R,Roughly traced,ol_intrinsic,L2,VFB_jrmc2frz,,,,,,,,,,,,,,,,,,,,,,,,,Traced,True,4
22.0,15.0,26487,L2,10350.0,L2_R,R,Roughly traced,ol_intrinsic,L2,VFB_jrmc2f0e,,,,,,,,,,,,,,,,,,,,,,,,,Traced,True,3
7.0,9.0,26489,L2,10350.0,L2_L,L,Prelim Roughly traced,ol_intrinsic,L2,VFB_jrmc2fwb,,,,,,,,,,,,,,,,,,,,,,,,,Traced,True,4
28.0,24.0,26494,L2,10350.0,L2_L,L,Prelim Roughly traced,ol_intrinsic,L2,VFB_jrmc2g15,,,,,,,,,,,,,,,,,,,,,,,,,Traced,True,4
22.0,8.0,26496,L2,10350.0,L2_R,R,Roughly traced,ol_intrinsic,L2,VFB_jrmc2g3k,,,,,,,,,,,,,,,,,,,,,,,,,Traced,True,4
20.0,31.0,26500,L2,10350.0,L2_R,R,Roughly traced,ol_intrinsic,L2,VFB_jrmc2f92,,,,,,,,,,,,,,,,,,,,,,,,,Traced,True,3
24.0,29.0,26506,L2,10350.0,L2_R,R,Roughly traced,ol_intrinsic,L2,VFB_jrmc2fhx,,,,,,,,,,,,,,,,,,,,,,,,,Traced,True,3
23.0,18.0,26523,L2,10350.0,L2_R,R,Roughly traced,ol_intrinsic,L2,VFB_jrmc2fds,,,,,,,,,,,,,,,,,,,,,,,,,Traced,True,3
15.0,4.0,26559,L2,10350.0,L2_R,R,Roughly traced,ol_intrinsic,L2,VFB_jrmc2fqo,,,,,,,,,,,,,,,,,,,,,,,,,Traced,True,3
25.0,19.0,26578,L2,10350.0,L2_R,R,Roughly traced,ol_intrinsic,L2,VFB_jrmc2fa4,,,,,,,,,,,,,,,,,,,,,,,,,Traced,True,3
31.0,24.0,26593,L2,10350.0,L2_R,R,Roughly traced,ol_intrinsic,L2,VFB_jrmc2ffe,,,,,,,,,,,,,,,,,,,,,,,,,Traced,True,3
28.0,25.0,26623,L2,10350.0,L2_R,R,Roughly traced,ol_intrinsic,L2,VFB_jrmc2f2u,,,,,,,,,,,,,,,,,,,,,,,,,Traced,True,3
16.0,6.0,26631,L2,10350.0,L2_L,L,Prelim Roughly traced,ol_intrinsic,L2,VFB_jrmc2fld,,,,,,,,,,,,,,,,,,,,,,,,,Traced,True,3
22.0,32.0,26664,L2,10350.0,L2_R,R,Roughly traced,ol_intrinsic,L2,VFB_jrmc2f57,,,,,,,,,,,,,,,,,,,,,,,,,Traced,True,3
21.0,15.0,26703,L2,10350.0,L2_R,R,Roughly traced,ol_intrinsic,L2,VFB_jrmc2g2l,,,,,,,,,,,,,,,,,,,,,,,,,Traced,True,3
33.0,23.0,26706,L2,10350.0,L2_R,R,Roughly traced,ol_intrinsic,L2,VFB_jrmc2g2j,,,,,,,,,,,,,,,,,,,,,,,,,Traced,True,3
23.0,37.0,26725,L2,10350.0,L2_L,L,Reviewed,ol_intrinsic,L2,VFB_jrmc2ez9,,,,,,,,,,,,,,,,,,,,,,,[91827 21279 31446],,Traced,True,3
36.0,27.0,26733,L2,10350.0,L2_L,L,Prelim Roughly traced,ol_intrinsic,L2,VFB_jrmc2eyo,,,,,,,,,,,,,,,,,,,,,,,[79706 20531 19806],,Traced,True,3
25.0,30.0,26734,L2,10350.0,L2_R,R,Roughly traced,ol_intrinsic,L2,VFB_jrmc2g0k,,,,,,,,,,,,,,,,,,,,,,,,,Traced,True,3
23.0,31.0,26735,L2,10350.0,L2_R,R,Roughly traced,ol_intrinsic,L2,VFB_jrmc2fhw,,,,,,,,,,,,,,,,,,,,,,,,,Traced,True,3
6.0,13.0,26742,L2,10350.0,L2_R,R,Roughly traced,ol_intrinsic,L2,VFB_jrmc2g75,,,,,,,,,,,,,,,,,,,,,,,,,Traced,True,3
34.0,36.0,26759,L2,10350.0,L2_L,L,Prelim Roughly traced,ol_intrinsic,L2,VFB_jrmc2f26,,,,,,,,,,,,,,,,,,,,,,,[82844 15171 25949],,Traced,True,3
22.0,14.0,26781,L2,10350.0,L2_R,R,Roughly traced,ol_intrinsic,L2,VFB_jrmc2g5j,,,,,,,,,,,,,,,,,,,,,,,,,Traced,True,3
22.0,19.0,26783,L2,10350.0,L2_L,L,Prelim Roughly traced,ol_intrinsic,L2,VFB_jrmc2f5c,,,,,,,,,,,,,,,,,,,,,,,,,Traced,True,3
28.0,37.0,26795,L2,10350.0,L2_R,R,Roughly traced,ol_intrinsic,L2,VFB_jrmc2g1v,,,,,,,,,,,,,,,,,,,,,,,,,Traced,True,3
8.0,19.0,26810,L2,10350.0,L2_L,L,Prelim Roughly traced,ol_intrinsic,L2,VFB_jrmc2exs,,,,,,,,,,,,,,,,,,,,,,,,,Traced,True,3
26.0,18.0,26823,L2,10350.0,L2_R,R,Roughly traced,ol_intrinsic,L2,VFB_jrmc2flw,,,,,,,,,,,,,,,,,,,,,,,,,Traced,True,3
21.0,31.0,26840,L2,10350.0,L2_R,R,Roughly traced,ol_intrinsic,L2,VFB_jrmc2fja,,,,,,,,,,,,,,,,,,,,,,,,,Traced,True,3
30.0,26.0,26844,L2,10350.0,L2_L,L,Prelim Roughly traced,ol_intrinsic,L2,VFB_jrmc2f67,,,,,,,,,,,,,,,,,,,,,,,,,Traced,True,4
28.0,28.0,26847,L2,10350.0,L2_R,R,Roughly traced,ol_intrinsic,L2,VFB_jrmc2f8k,,,,,,,,,,,,,,,,,,,,,,,,,Traced,True,3
29.0,30.0,26850,L2,10350.0,L2_R,R,Roughly traced,ol_intrinsic,L2,VFB_jrmc2fgp,,,,,,,,,,,,,,,,,,,,,,,,,Traced,True,3
28.0,30.0,26851,L2,10350.0,L2_R,R,Roughly traced,ol_intrinsic,L2,VFB_jrmc2fq0,,,,,,,,,,,,,,,,,,,,,,,,,Traced,True,3
19.0,29.0,26857,L2,10350.0,L2_R,R,Roughly traced,ol_intrinsic,L2,VFB_jrmc2fam,,,,,,,,,,,,,,,,,,,,,,,,,Traced,True,3
31.0,22.0,26868,L2,10350.0,L2_R,R,Roughly traced,ol_intrinsic,L2,VFB_jrmc2fs5,,,,,,,,,,,,,,,,,,,,,,,,,Traced,True,3
7.0,5.0,26888,L2,10350.0,L2_L,L,Prelim Roughly traced,ol_intrinsic,L2,VFB_jrmc2fbv,,,,,,,,,,,,,,,,,,,,,,,,,Traced,True,4
20.0,30.0,26904,L2,10350.0,L2_R,R,Roughly traced,ol_intrinsic,L2,VFB_jrmc2fuq,,,,,,,,,,,,,,,,,,,,,,,,,Traced,True,3
20.0,13.0,26906,L2,10350.0,L2_R,R,Roughly traced,ol_intrinsic,L2,VFB_jrmc2f9l,,,,,,,,,,,,,,,,,,,,,,,,,Traced,True,4
23.0,32.0,26919,L2,10350.0,L2_R,R,Roughly traced,ol_intrinsic,L2,VFB_jrmc2fe2,,,,,,,,,,,,,,,,,,,,,,,,,Traced,True,3
34.0,35.0,26934,L2,10350.0,L2_L,L,Prelim Roughly traced,ol_intrinsic,L2,VFB_jrmc2fp2,,,,,,,,,,,,,,,,,,,,,,,[82193 15318 25218],,Traced,True,4
34.0,26.0,26949,L2,10350.0,L2_R,R,Roughly traced,ol_intrinsic,L2,VFB_jrmc2fyp,,,,,,,,,,,,,,,,,,,,,,,,,Traced,True,3
26.0,25.0,26954,L2,10350.0,L2_L,L,Prelim Roughly traced,ol_intrinsic,L2,VFB_jrmc2f6b,,,,,,,,,,,,,,,,,,,,,,,,,Traced,True,3
21.0,34.0,26969,L2,10350.0,L2_R,R,Roughly traced,ol_intrinsic,L2,VFB_jrmc2ey8,,,,,,,,,,,,,,,,,,,,,,,[ 4165 26697 29776],,Traced,True,3
30.0,19.0,26980,L2,10350.0,L2_R,R,Roughly traced,ol_intrinsic,L2,VFB_jrmc2ff1,,,,,,,,,,,,,,,,,,,,,,,,,Traced,True,3
29.0,23.0,26992,L2,10350.0,L2_R,R,Roughly traced,ol_intrinsic,L2,VFB_jrmc2fyc,,,,,,,,,,,,,,,,,,,,,,,,,Traced,True,3
8.0,15.0,27009,L2,10350.0,L2_R,R,Roughly traced,ol_intrinsic,L2,VFB_jrmc2ffp,,,,,,,,,,,,,,,,,,,,,,,,,Traced,True,3
7.0,15.0,27030,L2,10350.0,L2_R,R,Roughly traced,ol_intrinsic,L2,VFB_jrmc2fch,,,,,,,,,,,,,,,,,,,,,,,,,Traced,True,3
16.0,25.0,27033,L2,10350.0,L2_L,L,Prelim Roughly traced,ol_intrinsic,L2,VFB_jrmc2fzt,,,,,,,,,,,,,,,,,,,,,,,,,Traced,True,3
25.0,18.0,27036,L2,10350.0,L2_R,R,Roughly traced,ol_intrinsic,L2,VFB_jrmc2g2e,,,,,,,,,,,,,,,,,,,,,,,,,Traced,True,3
23.0,12.0,27062,L2,10350.0,L2_R,R,Roughly traced,ol_intrinsic,L2,VFB_jrmc2g04,,,,,,,,,,,,,,,,,,,,,,,,,Traced,True,3
10.0,5.0,27064,L2,10350.0,L2_R,R,Roughly traced,ol_intrinsic,L2,VFB_jrmc2ffa,,,,,,,,,,,,,,,,,,,,,,,,,Traced,True,3
9.0,12.0,27087,L2,10350.0,L2_R,R,Roughly traced,ol_intrinsic,L2,VFB_jrmc2fgl,,,,,,,,,,,,,,,,,,,,,,,,,Traced,True,3
20.0,14.0,27104,L2,10350.0,L2_R,R,Roughly traced,ol_intrinsic,L2,VFB_jrmc2fdy,,,,,,,,,,,,,,,,,,,,,,,,,Traced,True,3
32.0,27.0,27107,L2,10350.0,L2_R,R,Roughly traced,ol_intrinsic,L2,VFB_jrmc2fvf,,,,,,,,,,,,,,,,,,,,,,,,,Traced,True,3
7.0,9.0,27128,L2,10350.0,L2_R,R,Roughly traced,ol_intrinsic,L2,VFB_jrmc2fl1,,,,,,,,,,,,,,,,,,,,,,,,,Traced,True,3
23.0,13.0,27138,L2,10350.0,L2_R,R,Roughly traced,ol_intrinsic,L2,VFB_jrmc2fwt,,,,,,,,,,,,,,,,,,,,,,,,,Traced,True,4
27.0,24.0,27156,L2,10350.0,L2_R,R,Roughly traced,ol_intrinsic,L2,VFB_jrmc2fsa,,,,,,,,,,,,,,,,,,,,,,,,,Traced,True,3
20.0,18.0,27182,L2,10350.0,L2_L,L,Prelim Roughly traced,ol_intrinsic,L2,VFB_jrmc2ftq,,,,,,,,,,,,,,,,,,,,,,,[87432 34254 29730],,Traced,True,4
7.0,12.0,27196,L2,10350.0,L2_R,R,Roughly traced,ol_intrinsic,L2,VFB_jrmc2fzo,,,,,,,,,,,,,,,,,,,,,,,,,Traced,True,3
29.0,19.0,27198,L2,10350.0,L2_R,R,Roughly traced,ol_intrinsic,L2,VFB_jrmc2fqt,,,,,,,,,,,,,,,,,,,,,,,,,Traced,True,3
8.0,10.0,27227,L2,10350.0,L2_R,R,Roughly traced,ol_intrinsic,L2,VFB_jrmc2fa1,,,,,,,,,,,,,,,,,,,,,,,,,Traced,True,4
27.0,23.0,27230,L2,10350.0,L2_R,R,Roughly traced,ol_intrinsic,L2,VFB_jrmc2f42,,,,,,,,,,,,,,,,,,,,,,,,,Traced,True,3
8.0,17.0,27231,L2,10350.0,L2_L,L,Prelim Roughly traced,ol_intrinsic,L2,VFB_jrmc2exz,,,,,,,,,,,,,,,,,,,,,,,,,Traced,True,3
29.0,22.0,27241,L2,10350.0,L2_R,R,Roughly traced,ol_intrinsic,L2,VFB_jrmc2fim,,,,,,,,,,,,,,,,,,,,,,,,,Traced,True,3
23.0,33.0,27256,L2,10350.0,L2_L,L,Prelim Roughly traced,ol_intrinsic,L2,VFB_jrmc2fpv,,,,,,,,,,,,,,,,,,,,,,,,,Traced,True,3
25.0,33.0,27264,L2,10350.0,L2_R,R,Roughly traced,ol_intrinsic,L2,VFB_jrmc2f7g,,,,,,,,,,,,,,,,,,,,,,,,,Traced,True,3
22.0,30.0,27275,L2,10350.0,L2_R,R,Roughly traced,ol_intrinsic,L2,VFB_jrmc2g5d,,,,,,,,,,,,,,,,,,,,,,,,,Traced,True,3
34.0,34.0,27301,L2,10350.0,L2_L,L,Prelim Roughly traced,ol_intrinsic,L2,VFB_jrmc2fhz,,,,,,,,,,,,,,,,,,,,,,,[81274 16678 23648],,Traced,True,4
27.0,20.0,27312,L2,10350.0,L2_R,R,Roughly traced,ol_intrinsic,L2,VFB_jrmc2fzl,,,,,,,,,,,,,,,,,,,,,,,,,Traced,True,3
29.0,27.0,27313,L2,10350.0,L2_R,R,Roughly traced,ol_intrinsic,L2,VFB_jrmc2ew5,,,,,,,,,,,,,,,,,,,,,,,,,Traced,True,3
19.0,35.0,27343,L2,10350.0,L2_R,R,Roughly traced,ol_intrinsic,L2,VFB_jrmc2fht,,,,,,,,,,,,,,,,,,,,,,,[ 3391 27496 31937],,Traced,True,3
6.0,10.0,27351,L2,10350.0,L2_R,R,Roughly traced,ol_intrinsic,L2,VFB_jrmc2fiz,,,,,,,,,,,,,,,,,,,,,,,,,Traced,True,3
26.0,30.0,27354,L2,10350.0,L2_R,R,Roughly traced,ol_intrinsic,L2,VFB_jrmc2ewk,,,,,,,,,,,,,,,,,,,,,,,,,Traced,True,3
31.0,28.0,27390,L2,10350.0,L2_R,R,Roughly traced,ol_intrinsic,L2,VFB_jrmc2fys,,,,,,,,,,,,,,,,,,,,,,,,,Traced,True,3
26.0,14.0,27397,L2,10350.0,L2_R,R,Roughly traced,ol_intrinsic,L2,VFB_jrmc2fbf,,,,,,,,,,,,,,,,,,,,,,,,,Traced,True,4
20.0,11.0,27406,L2,10350.0,L2_R,R,Roughly traced,ol_intrinsic,L2,VFB_jrmc2f8v,,,,,,,,,,,,,,,,,,,,,,,,,Traced,True,3
14.0,32.0,27407,L2,10350.0,L2_R,R,Roughly traced,ol_intrinsic,L2,VFB_jrmc2fv0,,,,,,,,,,,,,,,,,,,,,,,,,Traced,True,3
10.0,7.0,27423,L2,10350.0,L2_L,L,Prelim Roughly traced,ol_intrinsic,L2,VFB_jrmc2fda,,,,,,,,,,,,,,,,,,,,,,,,,Traced,True,4
10.0,29.0,27431,L2,10350.0,L2_R,R,Roughly traced,ol_intrinsic,L2,VFB_jrmc2euu,,,,,,,,,,,,,,,,,,,,,,,,,Traced,True,3
7.0,10.0,27433,L2,10350.0,L2_R,R,Roughly traced,ol_intrinsic,L2,VFB_jrmc2g66,,,,,,,,,,,,,,,,,,,,,,,,,Traced,True,3
9.0,11.0,27434,L2,10350.0,L2_R,R,Roughly traced,ol_intrinsic,L2,VFB_jrmc2fto,,,,,,,,,,,,,,,,,,,,,,,,,Traced,True,3
7.0,16.0,27447,L2,10350.0,L2_R,R,Roughly traced,ol_intrinsic,L2,VFB_jrmc2flv,,,,,,,,,,,,,,,,,,,,,,,,,Traced,True,3
18.0,5.0,27473,L2,10350.0,L2_L,L,Prelim Roughly traced,ol_intrinsic,L2,VFB_jrmc2ftr,,,,,,,,,,,,,,,,,,,,,,,,,Traced,True,4
33.0,22.0,27526,L2,10350.0,L2_R,R,Roughly traced,ol_intrinsic,L2,VFB_jrmc2fl4,,,,,,,,,,,,,,,,,,,,,,,,,Traced,True,3
25.0,38.0,27536,L2,10350.0,L2_R,R,Roughly traced,ol_intrinsic,L2,VFB_jrmc2f7a,,,,,,,,,,,,,,,,,,,,,,,[ 4926 22736 32254],,Traced,True,3
19.0,30.0,27563,L2,10350.0,L2_R,R,Roughly traced,ol_intrinsic,L2,VFB_jrmc2fjs,,,,,,,,,,,,,,,,,,,,,,,,,Traced,True,3
21.0,30.0,27573,L2,10350.0,L2_R,R,Roughly traced,ol_intrinsic,L2,VFB_jrmc2exy,,,,,,,,,,,,,,,,,,,,,,,,,Traced,True,3
14.0,3.0,27587,L2,10350.0,L2_R,R,Roughly traced,ol_intrinsic,L2,VFB_jrmc2ffz,,,,,,,,,,,,,,,,,,,,,,,,,Traced,True,4
14.0,24.0,27590,L2,10350.0,L2_R,R,Roughly traced,ol_intrinsic,L2,VFB_jrmc2g3g,,,,,,,,,,,,,,,,,,,,,,,,,Traced,True,3
31.0,34.0,27629,L2,10350.0,L2_L,L,Prelim Roughly traced,ol_intrinsic,L2,VFB_jrmc2fl0,,,,,,,,,,,,,,,,,,,,,,,,,Traced,True,4
27.0,37.0,27631,L2,10350.0,L2_R,R,Roughly traced,ol_intrinsic,L2,VFB_jrmc2f28,,,,,,,,,,,,,,,,,,,,,,,,,Traced,True,3
4.0,14.0,27643,L2,10350.0,L2_R,R,Roughly traced,ol_intrinsic,L2,VFB_jrmc2fkd,,,,,,,,,,,,,,,,,,,,,,,,,Traced,True,3
21.0,32.0,27650,L2,10350.0,L2_R,R,Roughly traced,ol_intrinsic,L2,VFB_jrmc2fqr,,,,,,,,,,,,,,,,,,,,,,,,,Traced,True,3
17.0,17.0,27653,L2,10350.0,L2_R,R,Roughly traced,ol_intrinsic,L2,VFB_jrmc2f58,,,,,,,,,,,,,,,,,,,,,,,,,Traced,True,3
28.0,24.0,27674,L2,10350.0,L2_R,R,Roughly traced,ol_intrinsic,L2,VFB_jrmc2ewp,,,,,,,,,,,,,,,,,,,,,,,,,Traced,True,3
21.0,19.0,27675,L2,10350.0,L2_L,L,Prelim Roughly traced,ol_intrinsic,L2,VFB_jrmc2exp,,,,,,,,,,,,,,,,,,,,,,,,,Traced,True,4
19.0,15.0,27681,L2,10350.0,L2_R,R,Roughly traced,ol_intrinsic,L2,VFB_jrmc2f3z,,,,,,,,,,,,,,,,,,,,,,,,,Traced,True,3
6.0,9.0,27688,L2,10350.0,L2_R,R,Roughly traced,ol_intrinsic,L2,VFB_jrmc2fci,,,,,,,,,,,,,,,,,,,,,,,,,Traced,True,3
20.0,12.0,27693,L2,10350.0,L2_R,R,Roughly traced,ol_intrinsic,L2,VFB_jrmc2fkm,,,,,,,,,,,,,,,,,,,,,,,,,Traced,True,4
23.0,11.0,27696,L2,10350.0,L2_L,L,Prelim Roughly traced,ol_intrinsic,L2,VFB_jrmc2fzy,,,,,,,,,,,,,,,,,,,,,,,,,Traced,True,3
27.0,28.0,27699,L2,10350.0,L2_R,R,Roughly traced,ol_intrinsic,L2,VFB_jrmc2fb2,,,,,,,,,,,,,,,,,,,,,,,,,Traced,True,3
33.0,32.0,27707,L2,10350.0,L2_R,R,Roughly traced,ol_intrinsic,L2,VFB_jrmc2fv8,,,,,,,,,,,,,,,,,,,,,,,,,Traced,True,3
25.0,37.0,27723,L2,10350.0,L2_L,L,Prelim Roughly traced,ol_intrinsic,L2,VFB_jrmc2fr5,,,,,,,,,,,,,,,,,,,,,,,,,Traced,True,3
24.0,35.0,27740,L2,10350.0,L2_R,R,Roughly traced,ol_intrinsic,L2,VFB_jrmc2ft4,,,,,,,,,,,,,,,,,,,,,,,,,Traced,True,3
17.0,8.0,27758,L2,10350.0,L2_R,R,Roughly traced,ol_intrinsic,L2,VFB_jrmc2ff6,,,,,,,,,,,,,,,,,,,,,,,,,Traced,True,3
10.0,12.0,27764,L2,10350.0,L2_R,R,Roughly traced,ol_intrinsic,L2,VFB_jrmc2ff3,,,,,,,,,,,,,,,,,,,,,,,,,Traced,True,3
18.0,16.0,27768,L2,10350.0,L2_R,R,Roughly traced,ol_intrinsic,L2,VFB_jrmc2fzc,,,,,,,,,,,,,,,,,,,,,,,,,Traced,True,3
24.0,15.0,27772,L2,10350.0,L2_R,R,Roughly traced,ol_intrinsic,L2,VFB_jrmc2fik,,,,,,,,,,,,,,,,,,,,,,,,,Traced,True,3
5.0,12.0,27773,L2,10350.0,L2_R,R,Roughly traced,ol_intrinsic,L2,VFB_jrmc2fb4,,,,,,,,,,,,,,,,,,,,,,,,,Traced,True,3
27.0,26.0,27793,L2,10350.0,L2_R,R,Roughly traced,ol_intrinsic,L2,VFB_jrmc2fze,,,,,,,,,,,,,,,,,,,,,,,,,Traced,True,3
19.0,16.0,27808,L2,10350.0,L2_R,R,Roughly traced,ol_intrinsic,L2,VFB_jrmc2ex5,,,,,,,,,,,,,,,,,,,,,,,,,Traced,True,3
36.0,30.0,27822,L2,10350.0,L2_L,L,Prelim Roughly traced,ol_intrinsic,L2,VFB_jrmc2g2z,,,,,,,,,,,,,,,,,,,,,,,[79733 18338 21383],,Traced,True,3
5.0,10.0,27824,L2,10350.0,L2_R,R,Roughly traced,ol_intrinsic,L2,VFB_jrmc2g5c,,,,,,,,,,,,,,,,,,,,,,,,,Traced,True,3
30.0,20.0,27830,L2,10350.0,L2_R,R,Roughly traced,ol_intrinsic,L2,VFB_jrmc2g44,,,,,,,,,,,,,,,,,,,,,,,,,Traced,True,3
32.0,29.0,27844,L2,10350.0,L2_R,R,Roughly traced,ol_intrinsic,L2,VFB_jrmc2fw0,,,,,,,,,,,,,,,,,,,,,,,,,Traced,True,3
17.0,18.0,27848,L2,10350.0,L2_R,R,Roughly traced,ol_intrinsic,L2,VFB_jrmc2fwi,,,,,,,,,,,,,,,,,,,,,,,,,Traced,True,3
30.0,25.0,27861,L2,10350.0,L2_R,R,Roughly traced,ol_intrinsic,L2,VFB_jrmc2fox,,,,,,,,,,,,,,,,,,,,,,,,,Traced,True,3
26.0,15.0,27867,L2,10350.0,L2_R,R,Roughly traced,ol_intrinsic,L2,VFB_jrmc2ezu,,,,,,,,,,,,,,,,,,,,,,,,,Traced,True,3
25.0,15.0,27876,L2,10350.0,L2_R,R,Roughly traced,ol_intrinsic,L2,VFB_jrmc2fh9,,,,,,,,,,,,,,,,,,,,,,,,,Traced,True,3
26.0,25.0,27892,L2,10350.0,L2_R,R,Roughly traced,ol_intrinsic,L2,VFB_jrmc2fnm,,,,,,,,,,,,,,,,,,,,,,,,,Traced,True,3
31.0,23.0,27895,L2,10350.0,L2_R,R,Roughly traced,ol_intrinsic,L2,VFB_jrmc2ftz,,,,,,,,,,,,,,,,,,,,,,,,,Traced,True,3
32.0,37.0,27942,L2,10350.0,L2_R,R,Roughly traced,ol_intrinsic,L2,VFB_jrmc2f0f,,,,,,,,,,,,,,,,,,,,,,,[10430 18316 28366],,Traced,True,3
16.0,16.0,27959,L2,10350.0,L2_R,R,Roughly traced,ol_intrinsic,L2,VFB_jrmc2g1z,,,,,,,,,,,,,,,,,,,,,,,,,Traced,True,3
22.0,21.0,27981,L2,10350.0,L2_R,R,Roughly traced,ol_intrinsic,L2,VFB_jrmc2f3c,,,,,,,,,,,,,,,,,,,,,,,,,Traced,True,3
22.0,9.0,27988,L2,10350.0,L2_R,R,Roughly traced,ol_intrinsic,L2,VFB_jrmc2fwa,,,,,,,,,,,,,,,,,,,,,,,,,Traced,True,3
16.0,33.0,27991,L2,10350.0,L2_R,R,Roughly traced,ol_intrinsic,L2,VFB_jrmc2g5r,,,,,,,,,,,,,,,,,,,,,,,[ 3096 29792 32032],,Traced,True,3
29.0,24.0,28004,L2,10350.0,L2_R,R,Roughly traced,ol_intrinsic,L2,VFB_jrmc2fe5,,,,,,,,,,,,,,,,,,,,,,,,,Traced,True,3
27.0,16.0,28039,L2,10350.0,L2_R,R,Roughly traced,ol_intrinsic,L2,VFB_jrmc2fyf,,,,,,,,,,,,,,,,,,,,,,,,,Traced,True,3
19.0,13.0,28047,L2,10350.0,L2_R,R,Roughly traced,ol_intrinsic,L2,VFB_jrmc2fot,,,,,,,,,,,,,,,,,,,,,,,,,Traced,True,3
7.0,14.0,28057,L2,10350.0,L2_R,R,Roughly traced,ol_intrinsic,L2,VFB_jrmc2fdh,,,,,,,,,,,,,,,,,,,,,,,,,Traced,True,3
28.0,26.0,28060,L2,10350.0,L2_R,R,Roughly traced,ol_intrinsic,L2,VFB_jrmc2f7v,,,,,,,,,,,,,,,,,,,,,,,,,Traced,True,3
16.0,9.0,28075,L2,10350.0,L2_R,R,Roughly traced,ol_intrinsic,L2,VFB_jrmc2g3q,,,,,,,,,,,,,,,,,,,,,,,[12418 46228 33880],,Traced,True,3
26.0,20.0,28083,L2,10350.0,L2_L,L,Prelim Roughly traced,ol_intrinsic,L2,VFB_jrmc2fs4,,,,,,,,,,,,,,,,,,,,,,,,,Traced,True,4
32.0,31.0,28096,L2,10350.0,L2_R,R,Roughly traced,ol_intrinsic,L2,VFB_jrmc2fsq,,,,,,,,,,,,,,,,,,,,,,,,,Traced,True,3
7.0,24.0,28115,L2,10350.0,L2_R,R,Roughly traced,ol_intrinsic,L2,VFB_jrmc2fxo,,,,,,,,,,,,,,,,,,,,,,,,,Traced,True,3
22.0,32.0,28119,L2,10350.0,L2_L,L,Prelim Roughly traced,ol_intrinsic,L2,VFB_jrmc2fd9,,,,,,,,,,,,,,,,,,,,,,,,,Traced,True,3
4.0,11.0,28128,L2,10350.0,L2_R,R,Roughly traced,ol_intrinsic,L2,VFB_jrmc2fey,,,,,,,,,,,,,,,,,,,,,,,,,Traced,True,3
24.0,19.0,28130,L2,10350.0,L2_R,R,Roughly traced,ol_intrinsic,L2,VFB_jrmc2fsx,,,,,,,,,,,,,,,,,,,,,,,,,Traced,True,3
31.0,27.0,28138,L2,10350.0,L2_R,R,Roughly traced,ol_intrinsic,L2,VFB_jrmc2g1a,,,,,,,,,,,,,,,,,,,,,,,,,Traced,True,3
23.0,23.0,28142,L2,10350.0,L2_L,L,Prelim Roughly traced,ol_intrinsic,L2,VFB_jrmc2fu0,,,,,,,,,,,,,,,,,,,,,,,,,Traced,True,4
25.0,19.0,28168,L2,10350.0,L2_L,L,Prelim Roughly traced,ol_intrinsic,L2,VFB_jrmc2f6i,,,,,,,,,,,,,,,,,,,,,,,,,Traced,True,4
21.0,9.0,28221,L2,10350.0,L2_R,R,Roughly traced,ol_intrinsic,L2,VFB_jrmc2flh,,,,,,,,,,,,,,,,,,,,,,,,,Traced,True,3
12.0,21.0,28277,L2,10350.0,L2_R,R,Roughly traced,ol_intrinsic,L2,VFB_jrmc2fb7,,,,,,,,,,,,,,,,,,,,,,,,,Traced,True,3
15.0,32.0,28289,L2,10350.0,L2_R,R,Roughly traced,ol_intrinsic,L2,VFB_jrmc2eyg,,,,,,,,,,,,,,,,,,,,,,,,,Traced,True,3
8.0,12.0,28294,L2,10350.0,L2_R,R,Roughly traced,ol_intrinsic,L2,VFB_jrmc2g5w,,,,,,,,,,,,,,,,,,,,,,,,,Traced,True,3
32.0,29.0,28304,L2,10350.0,L2_L,L,Prelim Roughly traced,ol_intrinsic,L2,VFB_jrmc2flo,,,,,,,,,,,,,,,,,,,,,,,,,Traced,True,3
28.0,23.0,28308,L2,10350.0,L2_R,R,Roughly traced,ol_intrinsic,L2,VFB_jrmc2fos,,,,,,,,,,,,,,,,,,,,,,,,,Traced,True,3
29.0,25.0,28351,L2,10350.0,L2_R,R,Roughly traced,ol_intrinsic,L2,VFB_jrmc2fr7,,,,,,,,,,,,,,,,,,,,,,,,,Traced,True,3
24.0,18.0,28358,L2,10350.0,L2_R,R,Roughly traced,ol_intrinsic,L2,VFB_jrmc2fyk,,,,,,,,,,,,,,,,,,,,,,,,,Traced,True,3
19.0,8.0,28360,L2,10350.0,L2_R,R,Roughly traced,ol_intrinsic,L2,VFB_jrmc2fnz,,,,,,,,,,,,,,,,,,,,,,,,,Traced,True,3
26.0,22.0,28367,L2,10350.0,L2_L,L,Prelim Roughly traced,ol_intrinsic,L2,VFB_jrmc2foj,,,,,,,,,,,,,,,,,,,,,,,,,Traced,True,4
21.0,16.0,28385,L2,10350.0,L2_R,R,Roughly traced,ol_intrinsic,L2,VFB_jrmc2fvv,,,,,,,,,,,,,,,,,,,,,,,,,Traced,True,3
23.0,21.0,28388,L2,10350.0,L2_R,R,Roughly traced,ol_intrinsic,L2,VFB_jrmc2f4f,,,,,,,,,,,,,,,,,,,,,,,,,Traced,True,3
32.0,28.0,28391,L2,10350.0,L2_R,R,Roughly traced,ol_intrinsic,L2,VFB_jrmc2f3a,,,,,,,,,,,,,,,,,,,,,,,,,Traced,True,3
4.0,10.0,28405,L2,10350.0,L2_R,R,Roughly traced,ol_intrinsic,L2,VFB_jrmc2fi7,,,,,,,,,,,,,,,,,,,,,,,,,Traced,True,3
11.0,3.0,28472,L2,10350.0,L2_R,R,Roughly traced,ol_intrinsic,L2,VFB_jrmc2ex2,,,,,,,,,,,,,,,,,,,,,,,,,Traced,True,4
6.0,12.0,28477,L2,10350.0,L2_R,R,Roughly traced,ol_intrinsic,L2,VFB_jrmc2fgi,,,,,,,,,,,,,,,,,,,,,,,,,Traced,True,3
27.0,24.0,28505,L2,10350.0,L2_L,L,Prelim Roughly traced,ol_intrinsic,L2,VFB_jrmc2fxt,,,,,,,,,,,,,,,,,,,,,,,,,Traced,True,3
19.0,16.0,28536,L2,10350.0,L2_L,L,Prelim Roughly traced,ol_intrinsic,L2,VFB_jrmc2fbj,,,,,,,,,,,,,,,,,,,,,,,,,Traced,True,4
28.0,19.0,28538,L2,10350.0,L2_L,L,Prelim Roughly traced,ol_intrinsic,L2,VFB_jrmc2ew7,,,,,,,,,,,,,,,,,,,,,,,,,Traced,True,4
16.0,18.0,28546,L2,10350.0,L2_R,R,Roughly traced,ol_intrinsic,L2,VFB_jrmc2fz5,,,,,,,,,,,,,,,,,,,,,,,,,Traced,True,3
21.0,22.0,28550,L2,10350.0,L2_R,R,Roughly traced,ol_intrinsic,L2,VFB_jrmc2f0s,,,,,,,,,,,,,,,,,,,,,,,,,Traced,True,3
8.0,21.0,28553,L2,10350.0,L2_L,L,Prelim Roughly traced,ol_intrinsic,L2,VFB_jrmc2fdz,,,,,,,,,,,,,,,,,,,,,,,,,Traced,True,3
20.0,35.0,28567,L2,10350.0,L2_R,R,Roughly traced,ol_intrinsic,L2,VFB_jrmc2ewr,,,,,,,,,,,,,,,,,,,,,,,[ 3344 26796 31626],,Traced,True,3
19.0,18.0,28572,L2,10350.0,L2_R,R,Roughly traced,ol_intrinsic,L2,VFB_jrmc2fv4,,,,,,,,,,,,,,,,,,,,,,,,,Traced,True,3
28.0,19.0,28600,L2,10350.0,L2_R,R,Roughly traced,ol_intrinsic,L2,VFB_jrmc2g1k,,,,,,,,,,,,,,,,,,,,,,,,,Traced,True,3
29.0,26.0,28601,L2,10350.0,L2_R,R,Roughly traced,ol_intrinsic,L2,VFB_jrmc2fqg,,,,,,,,,,,,,,,,,,,,,,,,,Traced,True,3
32.0,25.0,28618,L2,10350.0,L2_R,R,Roughly traced,ol_intrinsic,L2,VFB_jrmc2fxa,,,,,,,,,,,,,,,,,,,,,,,,,Traced,True,3
8.0,16.0,28629,L2,10350.0,L2_R,R,Roughly traced,ol_intrinsic,L2,VFB_jrmc2g0q,,,,,,,,,,,,,,,,,,,,,,,,,Traced,True,3
5.0,3.0,28660,L2,10350.0,L2_L,L,Prelim Roughly traced,ol_intrinsic,L2,VFB_jrmc2fq6,,,,,,,,,,,,,,,,,,,,,,,,,Traced,True,4
20.0,17.0,28669,L2,10350.0,L2_L,L,Prelim Roughly traced,ol_intrinsic,L2,VFB_jrmc2fx0,,,,,,,,,,,,,,,,,,,,,,,,,Traced,True,4
26.0,32.0,28679,L2,10350.0,L2_L,L,Prelim Roughly traced,ol_intrinsic,L2,VFB_jrmc2g6g,,,,,,,,,,,,,,,,,,,,,,,,,Traced,True,3
14.0,23.0,28689,L2,10350.0,L2_R,R,Roughly traced,ol_intrinsic,L2,VFB_jrmc2fjy,,,,,,,,,,,,,,,,,,,,,,,,,Traced,True,3
25.0,24.0,28695,L2,10350.0,L2_R,R,Roughly traced,ol_intrinsic,L2,VFB_jrmc2ewe,,,,,,,,,,,,,,,,,,,,,,,,,Traced,True,3
32.0,26.0,28729,L2,10350.0,L2_R,R,Roughly traced,ol_intrinsic,L2,VFB_jrmc2fsz,,,,,,,,,,,,,,,,,,,,,,,,,Traced,True,3
27.0,19.0,28731,L2,10350.0,L2_L,L,Prelim Roughly traced,ol_intrinsic,L2,VFB_jrmc2fgf,,,,,,,,,,,,,,,,,,,,,,,,,Traced,True,4
28.0,31.0,28738,L2,10350.0,L2_R,R,Roughly traced,ol_intrinsic,L2,VFB_jrmc2foq,,,,,,,,,,,,,,,,,,,,,,,,,Traced,True,3
13.0,3.0,28742,L2,10350.0,L2_R,R,Roughly traced,ol_intrinsic,L2,VFB_jrmc2g4s,,,,,,,,,,,,,,,,,,,,,,,,,Traced,True,4
11.0,13.0,28748,L2,10350.0,L2_R,R,Roughly traced,ol_intrinsic,L2,VFB_jrmc2fbz,,,,,,,,,,,,,,,,,,,,,,,,,Traced,True,3
28.0,38.0,28752,L2,10350.0,L2_L,L,Reviewed,ol_intrinsic,L2,VFB_jrmc2fvn,,,,,,,,,,,,,,,,,,,,,,,[88578 16264 29768],,Traced,True,3
26.0,26.0,28766,L2,10350.0,L2_R,R,Roughly traced,ol_intrinsic,L2,VFB_jrmc2f6x,,,,,,,,,,,,,,,,,,,,,,,,,Traced,True,3
31.0,26.0,28778,L2,10350.0,L2_R,R,Roughly traced,ol_intrinsic,L2,VFB_jrmc2g19,,,,,,,,,,,,,,,,,,,,,,,,,Traced,True,3
28.0,17.0,28787,L2,10350.0,L2_R,R,Roughly traced,ol_intrinsic,L2,VFB_jrmc2fp6,,,,,,,,,,,,,,,,,,,,,,,,,Traced,True,3
29.0,33.0,28864,L2,10350.0,L2_R,R,Roughly traced,ol_intrinsic,L2,VFB_jrmc2ew0,,,,,,,,,,,,,,,,,,,,,,,,,Traced,True,3
26.0,20.0,28881,L2,10350.0,L2_R,R,Roughly traced,ol_intrinsic,L2,VFB_jrmc2fyi,,,,,,,,,,,,,,,,,,,,,,,,,Traced,True,3
32.0,36.0,28906,L2,10350.0,L2_L,L,Prelim Roughly traced,ol_intrinsic,L2,VFB_jrmc2f5p,,,,,,,,,,,,,,,,,,,,,,,,,Traced,True,3
10.0,14.0,28926,L2,10350.0,L2_R,R,Roughly traced,ol_intrinsic,L2,VFB_jrmc2g0v,,,,,,,,,,,,,,,,,,,,,,,,,Traced,True,3
10.0,3.0,28958,L2,10350.0,L2_L,L,Prelim Roughly traced,ol_intrinsic,L2,VFB_jrmc2fvy,,,,,,,,,,,,,,,,,,,,,,,,,Traced,True,4
17.0,27.0,28974,L2,10350.0,L2_R,R,Roughly traced,ol_intrinsic,L2,VFB_jrmc2f3b,,,,,,,,,,,,,,,,,,,,,,,,,Traced,True,3
23.0,22.0,28985,L2,10350.0,L2_R,R,Roughly traced,ol_intrinsic,L2,VFB_jrmc2f70,,,,,,,,,,,,,,,,,,,,,,,,,Traced,True,3
20.0,17.0,29000,L2,10350.0,L2_R,R,Roughly traced,ol_intrinsic,L2,VFB_jrmc2fy9,,,,,,,,,,,,,,,,,,,,,,,,,Traced,True,3
27.0,15.0,29001,L2,10350.0,L2_R,R,Roughly traced,ol_intrinsic,L2,VFB_jrmc2fjg,,,,,,,,,,,,,,,,,,,,,,,,,Traced,True,3
26.0,19.0,29013,L2,10350.0,L2_R,R,Roughly traced,ol_intrinsic,L2,VFB_jrmc2f65,,,,,,,,,,,,,,,,,,,,,,,,,Traced,True,3
28.0,16.0,29051,L2,10350.0,L2_R,R,Roughly traced,ol_intrinsic,L2,VFB_jrmc2ffd,,,,,,,,,,,,,,,,,,,,,,,,,Traced,True,3
22.0,30.0,29098,L2,10350.0,L2_L,L,Prelim Roughly traced,ol_intrinsic,L2,VFB_jrmc2fg8,,,,,,,,,,,,,,,,,,,,,,,,,Traced,True,3
24.0,13.0,29101,L2,10350.0,L2_L,L,Prelim Roughly traced,ol_intrinsic,L2,VFB_jrmc2fg4,,,,,,,,,,,,,,,,,,,,,,,,,Traced,True,3
18.0,15.0,29114,L2,10350.0,L2_R,R,Roughly traced,ol_intrinsic,L2,VFB_jrmc2ezk,,,,,,,,,,,,,,,,,,,,,,,,,Traced,True,3
25.0,25.0,29133,L2,10350.0,L2_R,R,Roughly traced,ol_intrinsic,L2,VFB_jrmc2exq,,,,,,,,,,,,,,,,,,,,,,,,,Traced,True,3
14.0,12.0,29137,L2,10350.0,L2_L,L,Prelim Roughly traced,ol_intrinsic,L2,VFB_jrmc2fcr,,,,,,,,,,,,,,,,,,,,,,,,,Traced,True,3
11.0,12.0,29164,L2,10350.0,L2_R,R,Roughly traced,ol_intrinsic,L2,VFB_jrmc2fqs,,,,,,,,,,,,,,,,,,,,,,,,,Traced,True,3
19.0,17.0,29184,L2,10350.0,L2_R,R,Roughly traced,ol_intrinsic,L2,VFB_jrmc2fiv,,,,,,,,,,,,,,,,,,,,,,,,,Traced,True,3
15.0,16.0,29189,L2,10350.0,L2_R,R,Roughly traced,ol_intrinsic,L2,VFB_jrmc2fjr,,,,,,,,,,,,,,,,,,,,,,,,,Traced,True,3
24.0,20.0,29233,L2,10350.0,L2_R,R,Roughly traced,ol_intrinsic,L2,VFB_jrmc2fuf,,,,,,,,,,,,,,,,,,,,,,,,,Traced,True,3
33.0,34.0,29255,L2,10350.0,L2_R,R,Roughly traced,ol_intrinsic,L2,VFB_jrmc2f2k,,,,,,,,,,,,,,,,,,,,,,,[12742 19957 24824],,Traced,True,3
18.0,8.0,29268,L2,10350.0,L2_R,R,Roughly traced,ol_intrinsic,L2,VFB_jrmc2ftk,,,,,,,,,,,,,,,,,,,,,,,,,Traced,True,3
30.0,27.0,29279,L2,10350.0,L2_R,R,Roughly traced,ol_intrinsic,L2,VFB_jrmc2g2k,,,,,,,,,,,,,,,,,,,,,,,,,Traced,True,3
27.0,25.0,29281,L2,10350.0,L2_R,R,Roughly traced,ol_intrinsic,L2,VFB_jrmc2f49,,,,,,,,,,,,,,,,,,,,,,,,,Traced,True,3
27.0,30.0,29317,L2,10350.0,L2_R,R,Roughly traced,ol_intrinsic,L2,VFB_jrmc2g6y,,,,,,,,,,,,,,,,,,,,,,,,,Traced,True,3
35.0,27.0,29329,L2,10350.0,L2_L,L,Prelim Roughly traced,ol_intrinsic,L2,VFB_jrmc2fje,,,,,,,,,,,,,,,,,,,,,,,[79954 21083 19401],,Traced,True,4
20.0,16.0,29331,L2,10350.0,L2_R,R,Roughly traced,ol_intrinsic,L2,VFB_jrmc2g6b,,,,,,,,,,,,,,,,,,,,,,,,,Traced,True,3
23.0,23.0,29381,L2,10350.0,L2_R,R,Roughly traced,ol_intrinsic,L2,VFB_jrmc2exh,,,,,,,,,,,,,,,,,,,,,,,,,Traced,True,3
22.0,16.0,29411,L2,10350.0,L2_R,R,Roughly traced,ol_intrinsic,L2,VFB_jrmc2f39,,,,,,,,,,,,,,,,,,,,,,,,,Traced,True,3
33.0,28.0,29441,L2,10350.0,L2_R,R,Roughly traced,ol_intrinsic,L2,VFB_jrmc2g0s,,,,,,,,,,,,,,,,,,,,,,,,,Traced,True,3
23.0,16.0,29444,L2,10350.0,L2_R,R,Roughly traced,ol_intrinsic,L2,VFB_jrmc2fnq,,,,,,,,,,,,,,,,,,,,,,,,,Traced,True,4
29.0,32.0,29449,L2,10350.0,L2_R,R,Roughly traced,ol_intrinsic,L2,VFB_jrmc2flp,,,,,,,,,,,,,,,,,,,,,,,,,Traced,True,3
11.0,14.0,29472,L2,10350.0,L2_R,R,Roughly traced,ol_intrinsic,L2,VFB_jrmc2g2h,,,,,,,,,,,,,,,,,,,,,,,,,Traced,True,3
20.0,20.0,29501,L2,10350.0,L2_L,L,Prelim Roughly traced,ol_intrinsic,L2,VFB_jrmc2f3y,,,,,,,,,,,,,,,,,,,,,,,,,Traced,True,4
34.0,36.0,29512,L2,10350.0,L2_R,R,Roughly traced,ol_intrinsic,L2,VFB_jrmc2etx,,,,,,,,,,,,,,,,,,,,,,,[12602 18170 26175],,Traced,True,3
7.0,23.0,29519,L2,10350.0,L2_R,R,Roughly traced,ol_intrinsic,L2,VFB_jrmc2f76,,,,,,,,,,,,,,,,,,,,,,,,,Traced,True,3
31.0,29.0,29522,L2,10350.0,L2_R,R,Roughly traced,ol_intrinsic,L2,VFB_jrmc2foo,,,,,,,,,,,,,,,,,,,,,,,[12293 23782 26864],,Traced,True,3
13.0,17.0,29530,L2,10350.0,L2_R,R,Roughly traced,ol_intrinsic,L2,VFB_jrmc2g4a,,,,,,,,,,,,,,,,,,,,,,,,,Traced,True,3
25.0,29.0,29564,L2,10350.0,L2_R,R,Roughly traced,ol_intrinsic,L2,VFB_jrmc2fka,,,,,,,,,,,,,,,,,,,,,,,,,Traced,True,3
8.0,13.0,29567,L2,10350.0,L2_L,L,Prelim Roughly traced,ol_intrinsic,L2,VFB_jrmc2fup,,,,,,,,,,,,,,,,,,,,,,,,,Traced,True,4
9.0,20.0,29610,L2,10350.0,L2_R,R,Roughly traced,ol_intrinsic,L2,VFB_jrmc2g0l,,,,,,,,,,,,,,,,,,,,,,,,,Traced,True,3
16.0,15.0,29628,L2,10350.0,L2_R,R,Roughly traced,ol_intrinsic,L2,VFB_jrmc2f1z,,,,,,,,,,,,,,,,,,,,,,,,,Traced,True,3
27.0,14.0,29646,L2,10350.0,L2_R,R,Roughly traced,ol_intrinsic,L2,VFB_jrmc2fhn,,,,,,,,,,,,,,,,,,,,,,,,,Traced,True,3
9.0,5.0,29647,L2,10350.0,L2_R,R,Roughly traced,ol_intrinsic,L2,VFB_jrmc2fi3,,,,,,,,,,,,,,,,,,,,,,,,,Traced,True,4
8.0,9.0,29661,L2,10350.0,L2_R,R,Roughly traced,ol_intrinsic,L2,VFB_jrmc2g6r,,,,,,,,,,,,,,,,,,,,,,,,,Traced,True,3
20.0,10.0,29664,L2,10350.0,L2_R,R,Roughly traced,ol_intrinsic,L2,VFB_jrmc2f7l,,,,,,,,,,,,,,,,,,,,,,,,,Traced,True,3
26.0,21.0,29668,L2,10350.0,L2_R,R,Roughly traced,ol_intrinsic,L2,VFB_jrmc2fud,,,,,,,,,,,,,,,,,,,,,,,,,Traced,True,3
19.0,19.0,29681,L2,10350.0,L2_R,R,Roughly traced,ol_intrinsic,L2,VFB_jrmc2fdb,,,,,,,,,,,,,,,,,,,,,,,,,Traced,True,3
17.0,16.0,29695,L2,10350.0,L2_R,R,Roughly traced,ol_intrinsic,L2,VFB_jrmc2fcj,,,,,,,,,,,,,,,,,,,,,,,,,Traced,True,3
10.0,4.0,29704,L2,10350.0,L2_L,L,Prelim Roughly traced,ol_intrinsic,L2,VFB_jrmc2flg,,,,,,,,,,,,,,,,,,,,,,,,,Traced,True,4
27.0,17.0,29706,L2,10350.0,L2_R,R,Roughly traced,ol_intrinsic,L2,VFB_jrmc2exg,,,,,,,,,,,,,,,,,,,,,,,,,Traced,True,3
24.0,24.0,29714,L2,10350.0,L2_R,R,Roughly traced,ol_intrinsic,L2,VFB_jrmc2fnb,,,,,,,,,,,,,,,,,,,,,,,,,Traced,True,3
24.0,11.0,29730,L2,10350.0,L2_R,R,Roughly traced,ol_intrinsic,L2,VFB_jrmc2f89,,,,,,,,,,,,,,,,,,,,,,,,,Traced,True,3
19.0,10.0,29754,L2,10350.0,L2_R,R,Roughly traced,ol_intrinsic,L2,VFB_jrmc2f00,,,,,,,,,,,,,,,,,,,,,,,,,Traced,True,3
18.0,19.0,29762,L2,10350.0,L2_R,R,Roughly traced,ol_intrinsic,L2,VFB_jrmc2fl7,,,,,,,,,,,,,,,,,,,,,,,,,Traced,True,3
36.0,28.0,29782,L2,10350.0,L2_L,L,Prelim Roughly traced,ol_intrinsic,L2,VFB_jrmc2fj9,,,,,,,,,,,,,,,,,,,,,,,[79740 19444 20402],,Traced,True,4
29.0,18.0,29800,L2,10350.0,L2_R,R,Roughly traced,ol_intrinsic,L2,VFB_jrmc2fit,,,,,,,,,,,,,,,,,,,,,,,,,Traced,True,3
21.0,17.0,29802,L2,10350.0,L2_R,R,Roughly traced,ol_intrinsic,L2,VFB_jrmc2g50,,,,,,,,,,,,,,,,,,,,,,,,,Traced,True,3
26.0,29.0,29814,L2,10350.0,L2_R,R,Roughly traced,ol_intrinsic,L2,VFB_jrmc2fi5,,,,,,,,,,,,,,,,,,,,,,,,,Traced,True,3
34.0,24.0,29834,L2,10350.0,L2_R,R,Roughly traced,ol_intrinsic,L2,VFB_jrmc2g72,,,,,,,,,,,,,,,,,,,,,,,,,Traced,True,3
34.0,25.0,29850,L2,10350.0,L2_R,R,Roughly traced,ol_intrinsic,L2,VFB_jrmc2f5z,,,,,,,,,,,,,,,,,,,,,,,,,Traced,True,3
15.0,7.0,29855,L2,10350.0,L2_L,L,Prelim Roughly traced,ol_intrinsic,L2,VFB_jrmc2fhg,,,,,,,,,,,,,,,,,,,,,,,,,Traced,True,3
25.0,23.0,29871,L2,10350.0,L2_R,R,Roughly traced,ol_intrinsic,L2,VFB_jrmc2fq2,,,,,,,,,,,,,,,,,,,,,,,,,Traced,True,3
25.0,12.0,29874,L2,10350.0,L2_R,R,Roughly traced,ol_intrinsic,L2,VFB_jrmc2fbk,,,,,,,,,,,,,,,,,,,,,,,,,Traced,True,3
19.0,12.0,29909,L2,10350.0,L2_R,R,Roughly traced,ol_intrinsic,L2,VFB_jrmc2flt,,,,,,,,,,,,,,,,,,,,,,,,,Traced,True,4
25.0,20.0,29912,L2,10350.0,L2_R,R,Roughly traced,ol_intrinsic,L2,VFB_jrmc2fxh,,,,,,,,,,,,,,,,,,,,,,,,,Traced,True,3
22.0,22.0,30001,L2,10350.0,L2_R,R,Roughly traced,ol_intrinsic,L2,VFB_jrmc2fxy,,,,,,,,,,,,,,,,,,,,,,,,,Traced,True,3
9.0,9.0,30010,L2,10350.0,L2_R,R,Roughly traced,ol_intrinsic,L2,VFB_jrmc2fj4,,,,,,,,,,,,,,,,,,,,,,,,,Traced,True,4
16.0,26.0,30015,L2,10350.0,L2_R,R,Roughly traced,ol_intrinsic,L2,VFB_jrmc2ewa,,,,,,,,,,,,,,,,,,,,,,,,,Traced,True,3
29.0,19.0,30027,L2,10350.0,L2_L,L,Prelim Roughly traced,ol_intrinsic,L2,VFB_jrmc2f5o,,,,,,,,,,,,,,,,,,,,,,,,,Traced,True,4
26.0,27.0,30040,L2,10350.0,L2_R,R,Roughly traced,ol_intrinsic,L2,VFB_jrmc2f2i,,,,,,,,,,,,,,,,,,,,,,,,,Traced,True,3
13.0,22.0,30050,L2,10350.0,L2_R,R,Roughly traced,ol_intrinsic,L2,VFB_jrmc2f44,,,,,,,,,,,,,,,,,,,,,,,,,Traced,True,3
20.0,28.0,30117,L2,10350.0,L2_R,R,Roughly traced,ol_intrinsic,L2,VFB_jrmc2fkk,,,,,,,,,,,,,,,,,,,,,,,,,Traced,True,3
26.0,23.0,30125,L2,10350.0,L2_R,R,Roughly traced,ol_intrinsic,L2,VFB_jrmc2ft8,,,,,,,,,,,,,,,,,,,,,,,,,Traced,True,3
14.0,16.0,30180,L2,10350.0,L2_R,R,Roughly traced,ol_intrinsic,L2,VFB_jrmc2fsk,,,,,,,,,,,,,,,,,,,,,,,,,Traced,True,3
14.0,15.0,30200,L2,10350.0,L2_R,R,Roughly traced,ol_intrinsic,L2,VFB_jrmc2f79,,,,,,,,,,,,,,,,,,,,,,,,,Traced,True,3
21.0,10.0,30214,L2,10350.0,L2_L,L,Prelim Roughly traced,ol_intrinsic,L2,VFB_jrmc2exl,,,,,,,,,,,,,,,,,,,,,,,,,Traced,True,4
24.0,21.0,30223,L2,10350.0,L2_R,R,Roughly traced,ol_intrinsic,L2,VFB_jrmc2flf,,,,,,,,,,,,,,,,,,,,,,,,,Traced,True,3
12.0,14.0,30251,L2,10350.0,L2_R,R,Roughly traced,ol_intrinsic,L2,VFB_jrmc2f6l,,,,,,,,,,,,,,,,,,,,,,,,,Traced,True,3
32.0,34.0,30258,L2,10350.0,L2_R,R,Roughly traced,ol_intrinsic,L2,VFB_jrmc2flz,,,,,,,,,,,,,,,,,,,,,,,,,Traced,True,3
9.0,17.0,30268,L2,10350.0,L2_R,R,Roughly traced,ol_intrinsic,L2,VFB_jrmc2fi2,,,,,,,,,,,,,,,,,,,,,,,,,Traced,True,3
30.0,26.0,30300,L2,10350.0,L2_R,R,Roughly traced,ol_intrinsic,L2,VFB_jrmc2g2v,,,,,,,,,,,,,,,,,,,,,,,,,Traced,True,3
28.0,22.0,30305,L2,10350.0,L2_R,R,Roughly traced,ol_intrinsic,L2,VFB_jrmc2fbi,,,,,,,,,,,,,,,,,,,,,,,,,Traced,True,3
9.0,15.0,30321,L2,10350.0,L2_R,R,Roughly traced,ol_intrinsic,L2,VFB_jrmc2faw,,,,,,,,,,,,,,,,,,,,,,,,,Traced,True,3
20.0,9.0,30359,L2,10350.0,L2_R,R,Roughly traced,ol_intrinsic,L2,VFB_jrmc2ftv,,,,,,,,,,,,,,,,,,,,,,,,,Traced,True,3
32.0,30.0,30363,L2,10350.0,L2_R,R,Roughly traced,ol_intrinsic,L2,VFB_jrmc2fmr,,,,,,,,,,,,,,,,,,,,,,,,,Traced,True,3
5.0,20.0,30374,L2,10350.0,L2_R,R,Roughly traced,ol_intrinsic,L2,VFB_jrmc2fv5,,,,,,,,,,,,,,,,,,,,,,,,,Traced,True,3
4.0,12.0,30403,L2,10350.0,L2_R,R,Roughly traced,ol_intrinsic,L2,VFB_jrmc2g6n,,,,,,,,,,,,,,,,,,,,,,,,,Traced,True,3
24.0,22.0,30417,L2,10350.0,L2_R,R,Roughly traced,ol_intrinsic,L2,VFB_jrmc2fvg,,,,,,,,,,,,,,,,,,,,,,,,,Traced,True,3
36.0,32.0,30487,L2,10350.0,L2_R,R,Roughly traced,ol_intrinsic,L2,VFB_jrmc2fo3,,,,,,,,,,,,,,,,,,,,,,,[15946 20475 22564],,Traced,True,3
33.0,37.0,30490,L2,10350.0,L2_R,R,Roughly traced,ol_intrinsic,L2,VFB_jrmc2f3e,,,,,,,,,,,,,,,,,,,,,,,[10396 17914 28984],,Traced,True,3
12.0,12.0,30502,L2,10350.0,L2_R,R,Roughly traced,ol_intrinsic,L2,VFB_jrmc2f9e,,,,,,,,,,,,,,,,,,,,,,,,,Traced,True,3
24.0,28.0,30528,L2,10350.0,L2_R,R,Roughly traced,ol_intrinsic,L2,VFB_jrmc2eum,,,,,,,,,,,,,,,,,,,,,,,,,Traced,True,3
23.0,19.0,30534,L2,10350.0,L2_R,R,Roughly traced,ol_intrinsic,L2,VFB_jrmc2f77,,,,,,,,,,,,,,,,,,,,,,,,,Traced,True,3
11.0,15.0,30548,L2,10350.0,L2_R,R,Roughly traced,ol_intrinsic,L2,VFB_jrmc2ewh,,,,,,,,,,,,,,,,,,,,,,,,,Traced,True,3
20.0,35.0,30550,L2,10350.0,L2_L,L,Prelim Roughly traced,ol_intrinsic,L2,VFB_jrmc2fyq,,,,,,,,,,,,,,,,,,,,,,,[92554 23312 31126],,Traced,True,3
5.0,18.0,30628,L2,10350.0,L2_R,R,Roughly traced,ol_intrinsic,L2,VFB_jrmc2g48,,,,,,,,,,,,,,,,,,,,,,,,,Traced,True,3
22.0,36.0,30633,L2,10350.0,L2_R,R,Roughly traced,ol_intrinsic,L2,VFB_jrmc2f0d,,,,,,,,,,,,,,,,,,,,,,,,,Traced,True,3
31.0,18.0,30648,L2,10350.0,L2_R,R,Roughly traced,ol_intrinsic,L2,VFB_jrmc2faz,,,,,,,,,,,,,,,,,,,,,,,,,Traced,True,4
26.0,16.0,30672,L2,10350.0,L2_R,R,Roughly traced,ol_intrinsic,L2,VFB_jrmc2f3i,,,,,,,,,,,,,,,,,,,,,,,,,Traced,True,3
15.0,15.0,30673,L2,10350.0,L2_R,R,Roughly traced,ol_intrinsic,L2,VFB_jrmc2fo4,,,,,,,,,,,,,,,,,,,,,,,,,Traced,True,3
15.0,17.0,30683,L2,10350.0,L2_R,R,Roughly traced,ol_intrinsic,L2,VFB_jrmc2ez1,,,,,,,,,,,,,,,,,,,,,,,,,Traced,True,3
17.0,15.0,30692,L2,10350.0,L2_R,R,Roughly traced,ol_intrinsic,L2,VFB_jrmc2ewb,,,,,,,,,,,,,,,,,,,,,,,,,Traced,True,3
27.0,18.0,30774,L2,10350.0,L2_R,R,Roughly traced,ol_intrinsic,L2,VFB_jrmc2fhd,,,,,,,,,,,,,,,,,,,,,,,,,Traced,True,3
22.0,29.0,30779,L2,10350.0,L2_R,R,Roughly traced,ol_intrinsic,L2,VFB_jrmc2ev0,,,,,,,,,,,,,,,,,,,,,,,,,Traced,True,3
22.0,20.0,30785,L2,10350.0,L2_R,R,Roughly traced,ol_intrinsic,L2,VFB_jrmc2f0c,,,,,,,,,,,,,,,,,,,,,,,,,Traced,True,3
24.0,16.0,30821,L2,10350.0,L2_R,R,Roughly traced,ol_intrinsic,L2,VFB_jrmc2f1j,,,,,,,,,,,,,,,,,,,,,,,,,Traced,True,4
13.0,21.0,30823,L2,10350.0,L2_R,R,Roughly traced,ol_intrinsic,L2,VFB_jrmc2fig,,,,,,,,,,,,,,,,,,,,,,,,,Traced,True,3
20.0,21.0,30879,L2,10350.0,L2_R,R,Roughly traced,ol_intrinsic,L2,VFB_jrmc2feq,,,,,,,,,,,,,,,,,,,,,,,,,Traced,True,3
35.0,26.0,30909,L2,10350.0,L2_L,L,Reviewed,ol_intrinsic,L2,VFB_jrmc2fw7,,,,,,,,,,,,,,,,,,,,,,,[79642 21653 20053],,Traced,True,3
9.0,16.0,30956,L2,10350.0,L2_R,R,Roughly traced,ol_intrinsic,L2,VFB_jrmc2fc5,,,,,,,,,,,,,,,,,,,,,,,,,Traced,True,3
5.0,17.0,30969,L2,10350.0,L2_R,R,Roughly traced,ol_intrinsic,L2,VFB_jrmc2fxf,,,,,,,,,,,,,,,,,,,,,,,,,Traced,True,3
24.0,17.0,30982,L2,10350.0,L2_R,R,Roughly traced,ol_intrinsic,L2,VFB_jrmc2g5k,,,,,,,,,,,,,,,,,,,,,,,,,Traced,True,4
32.0,33.0,30986,L2,10350.0,L2_R,R,Roughly traced,ol_intrinsic,L2,VFB_jrmc2fau,,,,,,,,,,,,,,,,,,,,,,,,,Traced,True,3
27.0,21.0,31012,L2,10350.0,L2_R,R,Roughly traced,ol_intrinsic,L2,VFB_jrmc2f7i,,,,,,,,,,,,,,,,,,,,,,,,,Traced,True,3
13.0,16.0,31025,L2,10350.0,L2_R,R,Roughly traced,ol_intrinsic,L2,VFB_jrmc2fhh,,,,,,,,,,,,,,,,,,,,,,,,,Traced,True,3
33.0,33.0,31026,L2,10350.0,L2_R,R,Roughly traced,ol_intrinsic,L2,VFB_jrmc2ex9,,,,,,,,,,,,,,,,,,,,,,,[13250 20880 23650],,Traced,True,3
28.0,18.0,31038,L2,10350.0,L2_R,R,Roughly traced,ol_intrinsic,L2,VFB_jrmc2fa6,,,,,,,,,,,,,,,,,,,,,,,,,Traced,True,4
33.0,22.0,31043,L2,10350.0,L2_L,L,Prelim Roughly traced,ol_intrinsic,L2,VFB_jrmc2f9g,,,,,,,,,,,,,,,,,,,,,,,[80064 25048 18331],,Traced,True,4
36.0,30.0,31053,L2,10350.0,L2_R,R,Roughly traced,ol_intrinsic,L2,VFB_jrmc2exf,,,,,,,,,,,,,,,,,,,,,,,[16510 21688 21640],,Traced,True,3
11.0,11.0,31057,L2,10350.0,L2_R,R,Roughly traced,ol_intrinsic,L2,VFB_jrmc2fn7,,,,,,,,,,,,,,,,,,,,,,,,,Traced,True,3
25.0,17.0,31079,L2,10350.0,L2_R,R,Roughly traced,ol_intrinsic,L2,VFB_jrmc2f7p,,,,,,,,,,,,,,,,,,,,,,,,,Traced,True,4
3.0,11.0,31081,L2,10350.0,L2_R,R,Roughly traced,ol_intrinsic,L2,VFB_jrmc2f7e,,,,,,,,,,,,,,,,,,,,,,,,,Traced,True,3
14.0,22.0,31111,L2,10350.0,L2_R,R,Roughly traced,ol_intrinsic,L2,VFB_jrmc2g3p,,,,,,,,,,,,,,,,,,,,,,,,,Traced,True,3
4.0,15.0,31149,L2,10350.0,L2_R,R,Roughly traced,ol_intrinsic,L2,VFB_jrmc2fbb,,,,,,,,,,,,,,,,,,,,,,,,,Traced,True,3
8.0,25.0,31163,L2,10350.0,L2_R,R,Roughly traced,ol_intrinsic,L2,VFB_jrmc2f2z,,,,,,,,,,,,,,,,,,,,,,,,,Traced,True,3
23.0,20.0,31176,L2,10350.0,L2_R,R,Roughly traced,ol_intrinsic,L2,VFB_jrmc2fkj,,,,,,,,,,,,,,,,,,,,,,,,,Traced,True,3
19.0,9.0,31208,L2,10350.0,L2_R,R,Roughly traced,ol_intrinsic,L2,VFB_jrmc2fzd,,,,,,,,,,,,,,,,,,,,,,,,,Traced,True,3
10.0,17.0,31228,L2,10350.0,L2_R,R,Roughly traced,ol_intrinsic,L2,VFB_jrmc2fky,,,,,,,,,,,,,,,,,,,,,,,,,Traced,True,3
25.0,16.0,31244,L2,10350.0,L2_R,R,Roughly traced,ol_intrinsic,L2,VFB_jrmc2f4i,,,,,,,,,,,,,,,,,,,,,,,,,Traced,True,3
12.0,13.0,31288,L2,10350.0,L2_R,R,Roughly traced,ol_intrinsic,L2,VFB_jrmc2frh,,,,,,,,,,,,,,,,,,,,,,,,,Traced,True,3
28.0,38.0,31302,L2,10350.0,L2_R,R,Roughly traced,ol_intrinsic,L2,VFB_jrmc2fbp,,,,,,,,,,,,,,,,,,,,,,,,,Traced,True,3
10.0,18.0,31339,L2,10350.0,L2_R,R,Roughly traced,ol_intrinsic,L2,VFB_jrmc2f38,,,,,,,,,,,,,,,,,,,,,,,,,Traced,True,3
20.0,18.0,31346,L2,10350.0,L2_R,R,Roughly traced,ol_intrinsic,L2,VFB_jrmc2fju,,,,,,,,,,,,,,,,,,,,,,,,,Traced,True,3
18.0,20.0,31354,L2,10350.0,L2_R,R,Roughly traced,ol_intrinsic,L2,VFB_jrmc2g4t,,,,,,,,,,,,,,,,,,,,,,,[12185 36633 28594],,Traced,True,3
14.0,19.0,31370,L2,10350.0,L2_R,R,Roughly traced,ol_intrinsic,L2,VFB_jrmc2eyc,,,,,,,,,,,,,,,,,,,,,,,,,Traced,True,3
10.0,15.0,31373,L2,10350.0,L2_R,R,Roughly traced,ol_intrinsic,L2,VFB_jrmc2frr,,,,,,,,,,,,,,,,,,,,,,,,,Traced,True,3
33.0,35.0,31374,L2,10350.0,L2_R,R,Roughly traced,ol_intrinsic,L2,VFB_jrmc2fzp,,,,,,,,,,,,,,,,,,,,,,,[12340 19554 25282],,Traced,True,3
18.0,10.0,31389,L2,10350.0,L2_R,R,Roughly traced,ol_intrinsic,L2,VFB_jrmc2fxe,,,,,,,,,,,,,,,,,,,,,,,,,Traced,True,4
14.0,24.0,31392,L2,10350.0,L2_L,L,Prelim Roughly traced,ol_intrinsic,L2,VFB_jrmc2fjb,,,,,,,,,,,,,,,,,,,,,,,,,Traced,True,3
11.0,16.0,31400,L2,10350.0,L2_R,R,Roughly traced,ol_intrinsic,L2,VFB_jrmc2g1i,,,,,,,,,,,,,,,,,,,,,,,,,Traced,True,3
21.0,29.0,31423,L2,10350.0,L2_R,R,Roughly traced,ol_intrinsic,L2,VFB_jrmc2fye,,,,,,,,,,,,,,,,,,,,,,,,,Traced,True,3
29.0,38.0,31437,L2,10350.0,L2_R,R,Roughly traced,ol_intrinsic,L2,VFB_jrmc2eun,,,,,,,,,,,,,,,,,,,,,,,,,Traced,True,3
14.0,10.0,31463,L2,10350.0,L2_R,R,Roughly traced,ol_intrinsic,L2,VFB_jrmc2fxz,,,,,,,,,,,,,,,,,,,,,,,,,Traced,True,3
35.0,36.0,31465,L2,10350.0,L2_R,R,Roughly traced,ol_intrinsic,L2,VFB_jrmc2g7n,,,,,,,,,,,,,,,,,,,,,,,[13401 18142 25676],,Traced,True,3
15.0,23.0,31503,L2,10350.0,L2_R,R,Roughly traced,ol_intrinsic,L2,VFB_jrmc2g4o,,,,,,,,,,,,,,,,,,,,,,,,,Traced,True,3
23.0,28.0,31520,L2,10350.0,L2_R,R,Roughly traced,ol_intrinsic,L2,VFB_jrmc2f9s,,,,,,,,,,,,,,,,,,,,,,,,,Traced,True,3
28.0,15.0,31535,L2,10350.0,L2_L,L,Prelim Roughly traced,ol_intrinsic,L2,VFB_jrmc2f73,,,,,,,,,,,,,,,,,,,,,,,,,Traced,True,4
17.0,13.0,31542,L2,10350.0,L2_R,R,Roughly traced,ol_intrinsic,L2,VFB_jrmc2fly,,,,,,,,,,,,,,,,,,,,,,,,,Traced,True,3
31.0,32.0,31614,L2,10350.0,L2_R,R,Roughly traced,ol_intrinsic,L2,VFB_jrmc2f0t,,,,,,,,,,,,,,,,,,,,,,,[10678 23370 23652],,Traced,True,3
19.0,28.0,31617,L2,10350.0,L2_R,R,Roughly traced,ol_intrinsic,L2,VFB_jrmc2g0w,,,,,,,,,,,,,,,,,,,,,,,,,Traced,True,3
18.0,17.0,31620,L2,10350.0,L2_R,R,Roughly traced,ol_intrinsic,L2,VFB_jrmc2fph,,,,,,,,,,,,,,,,,,,,,,,,,Traced,True,3
25.0,28.0,31691,L2,10350.0,L2_R,R,Roughly traced,ol_intrinsic,L2,VFB_jrmc2f9d,,,,,,,,,,,,,,,,,,,,,,,,,Traced,True,3
21.0,20.0,31705,L2,10350.0,L2_R,R,Roughly traced,ol_intrinsic,L2,VFB_jrmc2fpc,,,,,,,,,,,,,,,,,,,,,,,,,Traced,True,3
15.0,18.0,31709,L2,10350.0,L2_R,R,Roughly traced,ol_intrinsic,L2,VFB_jrmc2fmq,,,,,,,,,,,,,,,,,,,,,,,,,Traced,True,3
7.0,8.0,31727,L2,10350.0,L2_R,R,Roughly traced,ol_intrinsic,L2,VFB_jrmc2fd1,,,,,,,,,,,,,,,,,,,,,,,,,Traced,True,3
36.0,32.0,31729,L2,10350.0,L2_L,L,Prelim Roughly traced,ol_intrinsic,L2,VFB_jrmc2foa,,,,,,,,,,,,,,,,,,,,,,,[80008 17391 22283],,Traced,True,4
15.0,13.0,31751,L2,10350.0,L2_R,R,Roughly traced,ol_intrinsic,L2,VFB_jrmc2fnd,,,,,,,,,,,,,,,,,,,,,,,,,Traced,True,3
16.0,10.0,31771,L2,10350.0,L2_R,R,Roughly traced,ol_intrinsic,L2,VFB_jrmc2exb,,,,,,,,,,,,,,,,,,,,,,,,,Traced,True,4
12.0,15.0,31773,L2,10350.0,L2_R,R,Roughly traced,ol_intrinsic,L2,VFB_jrmc2fnf,,,,,,,,,,,,,,,,,,,,,,,,,Traced,True,3
19.0,11.0,31794,L2,10350.0,L2_R,R,Roughly traced,ol_intrinsic,L2,VFB_jrmc2g2p,,,,,,,,,,,,,,,,,,,,,,,,,Traced,True,4
33.0,29.0,31799,L2,10350.0,L2_R,R,Roughly traced,ol_intrinsic,L2,VFB_jrmc2fz0,,,,,,,,,,,,,,,,,,,,,,,,,Traced,True,3
22.0,19.0,31812,L2,10350.0,L2_R,R,Roughly traced,ol_intrinsic,L2,VFB_jrmc2f29,,,,,,,,,,,,,,,,,,,,,,,,,Traced,True,3
27.0,18.0,31832,L2,10350.0,L2_L,L,Prelim Roughly traced,ol_intrinsic,L2,VFB_jrmc2frq,,,,,,,,,,,,,,,,,,,,,,,,,Traced,True,4
36.0,34.0,31836,L2,10350.0,L2_R,R,Roughly traced,ol_intrinsic,L2,VFB_jrmc2g3f,,,,,,,,,,,,,,,,,,,,,,,[14822 18652 24566],,Traced,True,3
30.0,18.0,31841,L2,10350.0,L2_R,R,Roughly traced,ol_intrinsic,L2,VFB_jrmc2ft3,,,,,,,,,,,,,,,,,,,,,,,,,Traced,True,3
18.0,9.0,31857,L2,10350.0,L2_R,R,Roughly traced,ol_intrinsic,L2,VFB_jrmc2f03,,,,,,,,,,,,,,,,,,,,,,,,,Traced,True,3
8.0,17.0,31864,L2,10350.0,L2_R,R,Roughly traced,ol_intrinsic,L2,VFB_jrmc2f32,,,,,,,,,,,,,,,,,,,,,,,,,Traced,True,3
4.0,13.0,31926,L2,10350.0,L2_R,R,Roughly traced,ol_intrinsic,L2,VFB_jrmc2f24,,,,,,,,,,,,,,,,,,,,,,,,,Traced,True,3
13.0,15.0,31939,L2,10350.0,L2_R,R,Roughly traced,ol_intrinsic,L2,VFB_jrmc2g7a,,,,,,,,,,,,,,,,,,,,,,,,,Traced,True,3
17.0,11.0,31961,L2,10350.0,L2_R,R,Roughly traced,ol_intrinsic,L2,VFB_jrmc2g6v,,,,,,,,,,,,,,,,,,,,,,,,,Traced,True,3
18.0,14.0,31991,L2,10350.0,L2_R,R,Roughly traced,ol_intrinsic,L2,VFB_jrmc2fr8,,,,,,,,,,,,,,,,,,,,,,,,,Traced,True,3
16.0,25.0,32000,L2,10350.0,L2_R,R,Roughly traced,ol_intrinsic,L2,VFB_jrmc2f8j,,,,,,,,,,,,,,,,,,,,,,,,,Traced,True,3
15.0,7.0,32019,L2,10350.0,L2_R,R,Roughly traced,ol_intrinsic,L2,VFB_jrmc2f59,,,,,,,,,,,,,,,,,,,,,,,,,Traced,True,3
28.0,32.0,32022,L2,10350.0,L2_R,R,Roughly traced,ol_intrinsic,L2,VFB_jrmc2fym,,,,,,,,,,,,,,,,,,,,,,,,,Traced,True,3
30.0,28.0,32024,L2,10350.0,L2_R,R,Roughly traced,ol_intrinsic,L2,VFB_jrmc2eu6,,,,,,,,,,,,,,,,,,,,,,,,,Traced,True,3
17.0,4.0,32029,L2,10350.0,L2_R,R,Roughly traced,ol_intrinsic,L2,VFB_jrmc2g5v,,,,,,,,,,,,,,,,,,,,,,,,,Traced,True,3
14.0,21.0,32084,L2,10350.0,L2_L,L,Prelim Roughly traced,ol_intrinsic,L2,VFB_jrmc2f12,,,,,,,,,,,,,,,,,,,,,,,,,Traced,True,3
10.0,16.0,32089,L2,10350.0,L2_R,R,Roughly traced,ol_intrinsic,L2,VFB_jrmc2f3f,,,,,,,,,,,,,,,,,,,,,,,,,Traced,True,3
24.0,23.0,32132,L2,10350.0,L2_R,R,Roughly traced,ol_intrinsic,L2,VFB_jrmc2fll,,,,,,,,,,,,,,,,,,,,,,,,,Traced,True,3
16.0,8.0,32143,L2,10350.0,L2_R,R,Roughly traced,ol_intrinsic,L2,VFB_jrmc2fcq,,,,,,,,,,,,,,,,,,,,,,,,,Traced,True,4
12.0,16.0,32147,L2,10350.0,L2_R,R,Roughly traced,ol_intrinsic,L2,VFB_jrmc2fzb,,,,,,,,,,,,,,,,,,,,,,,,,Traced,True,3
35.0,35.0,32164,L2,10350.0,L2_L,L,Reviewed,ol_intrinsic,L2,VFB_jrmc2g5e,,,,,,,,,,,,,,,,,,,,,,,[81482 15608 24692],,Traced,True,3
16.0,14.0,32168,L2,10350.0,L2_R,R,Roughly traced,ol_intrinsic,L2,VFB_jrmc2f0y,,,,,,,,,,,,,,,,,,,,,,,,,Traced,True,3
14.0,20.0,32172,L2,10350.0,L2_R,R,Roughly traced,ol_intrinsic,L2,VFB_jrmc2fd5,,,,,,,,,,,,,,,,,,,,,,,,,Traced,True,3
24.0,25.0,32184,L2,10350.0,L2_R,R,Roughly traced,ol_intrinsic,L2,VFB_jrmc2g63,,,,,,,,,,,,,,,,,,,,,,,,,Traced,True,3
23.0,25.0,32246,L2,10350.0,L2_L,L,Prelim Roughly traced,ol_intrinsic,L2,VFB_jrmc2ewq,,,,,,,,,,,,,,,,,,,,,,,,,Traced,True,4
15.0,14.0,32270,L2,10350.0,L2_R,R,Roughly traced,ol_intrinsic,L2,VFB_jrmc2f9x,,,,,,,,,,,,,,,,,,,,,,,,,Traced,True,3
24.0,15.0,32294,L2,10350.0,L2_L,L,Prelim Roughly traced,ol_intrinsic,L2,VFB_jrmc2eud,,,,,,,,,,,,,,,,,,,,,,,,,Traced,True,3
7.0,24.0,32333,L2,10350.0,L2_L,L,Prelim Roughly traced,ol_intrinsic,L2,VFB_jrmc2evp,,,,,,,,,,,,,,,,,,,,,,,,,Traced,True,3
17.0,12.0,32340,L2,10350.0,L2_R,R,Roughly traced,ol_intrinsic,L2,VFB_jrmc2fi6,,,,,,,,,,,,,,,,,,,,,,,,,Traced,True,3
31.0,38.0,32350,L2,10350.0,L2_L,L,Prelim Roughly traced,ol_intrinsic,L2,VFB_jrmc2fih,,,,,,,,,,,,,,,,,,,,,,,[86186 14966 28818],,Traced,True,3
27.0,19.0,32360,L2,10350.0,L2_R,R,Roughly traced,ol_intrinsic,L2,VFB_jrmc2f8c,,,,,,,,,,,,,,,,,,,,,,,,,Traced,True,3
16.0,19.0,32371,L2,10350.0,L2_R,R,Roughly traced,ol_intrinsic,L2,VFB_jrmc2f04,,,,,,,,,,,,,,,,,,,,,,,,,Traced,True,3
16.0,12.0,32389,L2,10350.0,L2_R,R,Roughly traced,ol_intrinsic,L2,VFB_jrmc2f5v,,,,,,,,,,,,,,,,,,,,,,,,,Traced,True,3
15.0,8.0,32390,L2,10350.0,L2_R,R,Roughly traced,ol_intrinsic,L2,VFB_jrmc2ev8,,,,,,,,,,,,,,,,,,,,,,,,,Traced,True,3
11.0,20.0,32407,L2,10350.0,L2_R,R,Roughly traced,ol_intrinsic,L2,VFB_jrmc2f1i,,,,,,,,,,,,,,,,,,,,,,,,,Traced,True,3
14.0,14.0,32408,L2,10350.0,L2_R,R,Roughly traced,ol_intrinsic,L2,VFB_jrmc2fcd,,,,,,,,,,,,,,,,,,,,,,,,,Traced,True,3
12.0,20.0,32444,L2,10350.0,L2_R,R,Roughly traced,ol_intrinsic,L2,VFB_jrmc2f4n,,,,,,,,,,,,,,,,,,,,,,,,,Traced,True,3
10.0,11.0,32458,L2,10350.0,L2_R,R,Roughly traced,ol_intrinsic,L2,VFB_jrmc2f4w,,,,,,,,,,,,,,,,,,,,,,,,,Traced,True,3
13.0,20.0,32479,L2,10350.0,L2_R,R,Roughly traced,ol_intrinsic,L2,VFB_jrmc2euz,,,,,,,,,,,,,,,,,,,,,,,,,Traced,True,3
9.0,18.0,32500,L2,10350.0,L2_R,R,Roughly traced,ol_intrinsic,L2,VFB_jrmc2fmg,,,,,,,,,,,,,,,,,,,,,,,,,Traced,True,3
20.0,11.0,32544,L2,10350.0,L2_L,L,Prelim Roughly traced,ol_intrinsic,L2,VFB_jrmc2g5m,,,,,,,,,,,,,,,,,,,,,,,,,Traced,True,4
15.0,33.0,32555,L2,10350.0,L2_R,R,Roughly traced,ol_intrinsic,L2,VFB_jrmc2fpl,,,,,,,,,,,,,,,,,,,,,,,[ 2842 30500 32230],,Traced,True,3
15.0,24.0,32578,L2,10350.0,L2_R,R,Roughly traced,ol_intrinsic,L2,VFB_jrmc2fnv,,,,,,,,,,,,,,,,,,,,,,,,,Traced,True,3
9.0,21.0,32598,L2,10350.0,L2_R,R,Roughly traced,ol_intrinsic,L2,VFB_jrmc2g4m,,,,,,,,,,,,,,,,,,,,,,,,,Traced,True,3
34.0,32.0,32643,L2,10350.0,L2_R,R,Roughly traced,ol_intrinsic,L2,VFB_jrmc2fcs,,,,,,,,,,,,,,,,,,,,,,,,,Traced,True,3
9.0,10.0,32670,L2,10350.0,L2_R,R,Roughly traced,ol_intrinsic,L2,VFB_jrmc2fyt,,,,,,,,,,,,,,,,,,,,,,,,,Traced,True,3
27.0,39.0,32685,L2,10350.0,L2_R,R,Roughly traced,ol_intrinsic,L2,VFB_jrmc2evd,,,,,,,,,,,,,,,,,,,,,,,[ 5276 21690 32153],,Traced,True,3
18.0,26.0,32693,L2,10350.0,L2_L,L,Prelim Roughly traced,ol_intrinsic,L2,VFB_jrmc2fzh,,,,,,,,,,,,,,,,,,,,,,,,,Traced,True,3
13.0,7.0,32710,L2,10350.0,L2_R,R,Roughly traced,ol_intrinsic,L2,VFB_jrmc2fe1,,,,,,,,,,,,,,,,,,,,,,,,,Traced,True,4
35.0,32.0,32746,L2,10350.0,L2_R,R,Roughly traced,ol_intrinsic,L2,VFB_jrmc2exo,,,,,,,,,,,,,,,,,,,,,,,,,Traced,True,3
21.0,9.0,32751,L2,10350.0,L2_L,L,Prelim Roughly traced,ol_intrinsic,L2,VFB_jrmc2fof,,,,,,,,,,,,,,,,,,,,,,,,,Traced,True,4
30.0,39.0,32822,L2,10350.0,L2_R,R,Roughly traced,ol_intrinsic,L2,VFB_jrmc2fgj,,,,,,,,,,,,,,,,,,,,,,,[ 7988 18751 31059],,Traced,True,3
32.0,18.0,32823,L2,10350.0,L2_R,R,Roughly traced,ol_intrinsic,L2,VFB_jrmc2ewf,,,,,,,,,,,,,,,,,,,,,,,,,Traced,True,3
31.0,36.0,32842,L2,10350.0,L2_R,R,Roughly traced,ol_intrinsic,L2,VFB_jrmc2ftw,,,,,,,,,,,,,,,,,,,,,,,[ 9819 20050 27353],,Traced,True,3
5.0,7.0,32853,L2,10350.0,L2_R,R,Roughly traced,ol_intrinsic,L2,VFB_jrmc2foh,,,,,,,,,,,,,,,,,,,,,,,,,Traced,True,4
10.0,21.0,32868,L2,10350.0,L2_L,L,Prelim Roughly traced,ol_intrinsic,L2,VFB_jrmc2fj8,,,,,,,,,,,,,,,,,,,,,,,,,Traced,True,3
14.0,21.0,32925,L2,10350.0,L2_R,R,Roughly traced,ol_intrinsic,L2,VFB_jrmc2fwl,,,,,,,,,,,,,,,,,,,,,,,,,Traced,True,3
29.0,14.0,32942,L2,10350.0,L2_R,R,Roughly traced,ol_intrinsic,L2,VFB_jrmc2fre,,,,,,,,,,,,,,,,,,,,,,,,,Traced,True,4
6.0,7.0,32945,L2,10350.0,L2_R,R,Roughly traced,ol_intrinsic,L2,VFB_jrmc2eyv,,,,,,,,,,,,,,,,,,,,,,,,,Traced,True,3
8.0,20.0,32948,L2,10350.0,L2_L,L,Prelim Roughly traced,ol_intrinsic,L2,VFB_jrmc2fad,,,,,,,,,,,,,,,,,,,,,,,,,Traced,True,3
28.0,20.0,32965,L2,10350.0,L2_R,R,Roughly traced,ol_intrinsic,L2,VFB_jrmc2fvu,,,,,,,,,,,,,,,,,,,,,,,,,Traced,True,3
27.0,38.0,32968,L2,10350.0,L2_L,L,Prelim Roughly traced,ol_intrinsic,L2,VFB_jrmc2g03,,,,,,,,,,,,,,,,,,,,,,,[89562 17154 30700],,Traced,True,3
6.0,22.0,32985,L2,10350.0,L2_L,L,Prelim Roughly traced,ol_intrinsic,L2,VFB_jrmc2fvj,,,,,,,,,,,,,,,,,,,,,,,,,Traced,True,3
34.0,31.0,33045,L2,10350.0,L2_R,R,Roughly traced,ol_intrinsic,L2,VFB_jrmc2fh3,,,,,,,,,,,,,,,,,,,,,,,,,Traced,True,3
10.0,19.0,33100,L2,10350.0,L2_R,R,Roughly traced,ol_intrinsic,L2,VFB_jrmc2f7n,,,,,,,,,,,,,,,,,,,,,,,,,Traced,True,3
20.0,20.0,33112,L2,10350.0,L2_R,R,Roughly traced,ol_intrinsic,L2,VFB_jrmc2f9o,,,,,,,,,,,,,,,,,,,,,,,,,Traced,True,3
31.0,22.0,33151,L2,10350.0,L2_L,L,Prelim Roughly traced,ol_intrinsic,L2,VFB_jrmc2ez2,,,,,,,,,,,,,,,,,,,,,,,,,Traced,True,4
17.0,10.0,33195,L2,10350.0,L2_R,R,Roughly traced,ol_intrinsic,L2,VFB_jrmc2fgn,,,,,,,,,,,,,,,,,,,,,,,,,Traced,True,4
31.0,19.0,33203,L2,10350.0,L2_R,R,Roughly traced,ol_intrinsic,L2,VFB_jrmc2g5f,,,,,,,,,,,,,,,,,,,,,,,,,Traced,True,3
9.0,19.0,33317,L2,10350.0,L2_R,R,Roughly traced,ol_intrinsic,L2,VFB_jrmc2ey9,,,,,,,,,,,,,,,,,,,,,,,,,Traced,True,3
31.0,30.0,33330,L2,10350.0,L2_R,R,Roughly traced,ol_intrinsic,L2,VFB_jrmc2fdr,,,,,,,,,,,,,,,,,,,,,,,,,Traced,True,3
9.0,8.0,33338,L2,10350.0,L2_R,R,Roughly traced,ol_intrinsic,L2,VFB_jrmc2fle,,,,,,,,,,,,,,,,,,,,,,,,,Traced,True,4
18.0,13.0,33351,L2,10350.0,L2_R,R,Roughly traced,ol_intrinsic,L2,VFB_jrmc2fmf,,,,,,,,,,,,,,,,,,,,,,,,,Traced,True,3
14.0,18.0,33383,L2,10350.0,L2_R,R,Roughly traced,ol_intrinsic,L2,VFB_jrmc2fhu,,,,,,,,,,,,,,,,,,,,,,,,,Traced,True,3
36.0,33.0,33385,L2,10350.0,L2_R,R,Roughly traced,ol_intrinsic,L2,VFB_jrmc2f71,,,,,,,,,,,,,,,,,,,,,,,[15332 19866 23116],,Traced,True,3
17.0,14.0,33408,L2,10350.0,L2_R,R,Roughly traced,ol_intrinsic,L2,VFB_jrmc2f6a,,,,,,,,,,,,,,,,,,,,,,,,,Traced,True,3
29.0,16.0,33417,L2,10350.0,L2_R,R,Roughly traced,ol_intrinsic,L2,VFB_jrmc2f8b,,,,,,,,,,,,,,,,,,,,,,,,,Traced,True,3
6.0,6.0,33433,L2,10350.0,L2_R,R,Roughly traced,ol_intrinsic,L2,VFB_jrmc2g2w,,,,,,,,,,,,,,,,,,,,,,,,,Traced,True,4
24.0,11.0,33434,L2,10350.0,L2_L,L,Prelim Roughly traced,ol_intrinsic,L2,VFB_jrmc2fy1,,,,,,,,,,,,,,,,,,,,,,,,,Traced,True,3
32.0,22.0,33452,L2,10350.0,L2_L,L,Prelim Roughly traced,ol_intrinsic,L2,VFB_jrmc2fwj,,,,,,,,,,,,,,,,,,,,,,,,,Traced,True,4
30.0,17.0,33458,L2,10350.0,L2_R,R,Roughly traced,ol_intrinsic,L2,VFB_jrmc2f5l,,,,,,,,,,,,,,,,,,,,,,,,,Traced,True,4
18.0,12.0,33508,L2,10350.0,L2_R,R,Roughly traced,ol_intrinsic,L2,VFB_jrmc2g1p,,,,,,,,,,,,,,,,,,,,,,,,,Traced,True,3
11.0,17.0,33526,L2,10350.0,L2_R,R,Roughly traced,ol_intrinsic,L2,VFB_jrmc2f91,,,,,,,,,,,,,,,,,,,,,,,,,Traced,True,3
21.0,19.0,33600,L2,10350.0,L2_R,R,Roughly traced,ol_intrinsic,L2,VFB_jrmc2fsn,,,,,,,,,,,,,,,,,,,,,,,,,Traced,True,3
23.0,13.0,33634,L2,10350.0,L2_L,L,Prelim Roughly traced,ol_intrinsic,L2,VFB_jrmc2fz4,,,,,,,,,,,,,,,,,,,,,,,,,Traced,True,4
21.0,18.0,33635,L2,10350.0,L2_R,R,Roughly traced,ol_intrinsic,L2,VFB_jrmc2g71,,,,,,,,,,,,,,,,,,,,,,,,,Traced,True,3
12.0,17.0,33682,L2,10350.0,L2_R,R,Roughly traced,ol_intrinsic,L2,VFB_jrmc2fuu,,,,,,,,,,,,,,,,,,,,,,,,,Traced,True,3
27.0,38.0,33733,L2,10350.0,L2_R,R,Roughly traced,ol_intrinsic,L2,VFB_jrmc2evz,,,,,,,,,,,,,,,,,,,,,,,[ 5825 20756 31426],,Traced,True,3
12.0,19.0,33742,L2,10350.0,L2_R,R,Roughly traced,ol_intrinsic,L2,VFB_jrmc2g7o,,,,,,,,,,,,,,,,,,,,,,,,,Traced,True,3
10.0,20.0,33758,L2,10350.0,L2_R,R,Roughly traced,ol_intrinsic,L2,VFB_jrmc2fay,,,,,,,,,,,,,,,,,,,,,,,,,Traced,True,3
13.0,8.0,33759,L2,10350.0,L2_R,R,Roughly traced,ol_intrinsic,L2,VFB_jrmc2g4c,,,,,,,,,,,,,,,,,,,,,,,,,Traced,True,4
17.0,34.0,33792,L2,10350.0,L2_R,R,Roughly traced,ol_intrinsic,L2,VFB_jrmc2ezz,,,,,,,,,,,,,,,,,,,,,,,[ 3118 29032 32248],,Traced,True,3
11.0,10.0,33798,L2,10350.0,L2_R,R,Roughly traced,ol_intrinsic,L2,VFB_jrmc2fgh,,,,,,,,,,,,,,,,,,,,,,,,,Traced,True,3
25.0,26.0,33803,L2,10350.0,L2_R,R,Roughly traced,ol_intrinsic,L2,VFB_jrmc2g1c,,,,,,,,,,,,,,,,,,,,,,,,,Traced,True,3
11.0,2.0,33880,L2,10350.0,L2_R,R,Roughly traced,ol_intrinsic,L2,VFB_jrmc2fkg,,,,,,,,,,,,,,,,,,,,,,,,,Traced,True,4
15.0,21.0,33893,L2,10350.0,L2_R,R,Roughly traced,ol_intrinsic,L2,VFB_jrmc2euk,,,,,,,,,,,,,,,,,,,,,,,,,Traced,True,3
12.0,11.0,33954,L2,10350.0,L2_R,R,Roughly traced,ol_intrinsic,L2,VFB_jrmc2ffo,,,,,,,,,,,,,,,,,,,,,,,,,Traced,True,3
18.0,25.0,33960,L2,10350.0,L2_L,L,Prelim Roughly traced,ol_intrinsic,L2,VFB_jrmc2f2w,,,,,,,,,,,,,,,,,,,,,,,,,Traced,True,3
17.0,19.0,33971,L2,10350.0,L2_R,R,Roughly traced,ol_intrinsic,L2,VFB_jrmc2faj,,,,,,,,,,,,,,,,,,,,,,,,,Traced,True,3
25.0,27.0,33980,L2,10350.0,L2_R,R,Roughly traced,ol_intrinsic,L2,VFB_jrmc2fn0,,,,,,,,,,,,,,,,,,,,,,,,,Traced,True,3
15.0,22.0,33985,L2,10350.0,L2_R,R,Roughly traced,ol_intrinsic,L2,VFB_jrmc2fhc,,,,,,,,,,,,,,,,,,,,,,,,,Traced,True,3
18.0,11.0,34033,L2,10350.0,L2_R,R,Roughly traced,ol_intrinsic,L2,VFB_jrmc2g7c,,,,,,,,,,,,,,,,,,,,,,,,,Traced,True,4
14.0,17.0,34041,L2,10350.0,L2_R,R,Roughly traced,ol_intrinsic,L2,VFB_jrmc2fbw,,,,,,,,,,,,,,,,,,,,,,,,,Traced,True,3
16.0,24.0,34107,L2,10350.0,L2_R,R,Roughly traced,ol_intrinsic,L2,VFB_jrmc2fcw,,,,,,,,,,,,,,,,,,,,,,,,,Traced,True,3
17.0,9.0,34116,L2,10350.0,L2_R,R,Roughly traced,ol_intrinsic,L2,VFB_jrmc2fzm,,,,,,,,,,,,,,,,,,,,,,,,,Traced,True,4
27.0,22.0,34174,L2,10350.0,L2_R,R,Roughly traced,ol_intrinsic,L2,VFB_jrmc2fut,,,,,,,,,,,,,,,,,,,,,,,,,Traced,True,3
34.0,37.0,34190,L2,10350.0,L2_R,R,Roughly traced,ol_intrinsic,L2,VFB_jrmc2f4m,,,,,,,,,,,,,,,,,,,,,,,[12171 17477 27627],,Traced,True,3
26.0,28.0,34244,L2,10350.0,L2_R,R,Roughly traced,ol_intrinsic,L2,VFB_jrmc2f5k,,,,,,,,,,,,,,,,,,,,,,,,,Traced,True,3
11.0,19.0,34288,L2,10350.0,L2_R,R,Roughly traced,ol_intrinsic,L2,VFB_jrmc2f6c,,,,,,,,,,,,,,,,,,,,,,,,,Traced,True,3
15.0,10.0,34323,L2,10350.0,L2_R,R,Roughly traced,ol_intrinsic,L2,VFB_jrmc2fnp,,,,,,,,,,,,,,,,,,,,,,,,,Traced,True,4
25.0,13.0,34379,L2,10350.0,L2_L,L,Prelim Roughly traced,ol_intrinsic,L2,VFB_jrmc2fe3,,,,,,,,,,,,,,,,,,,,,,,,,Traced,True,3
22.0,17.0,34431,L2,10350.0,L2_R,R,Roughly traced,ol_intrinsic,L2,VFB_jrmc2g6z,,,,,,,,,,,,,,,,,,,,,,,,,Traced,True,3
5.0,8.0,34439,L2,10350.0,L2_R,R,Roughly traced,ol_intrinsic,L2,VFB_jrmc2ft1,,,,,,,,,,,,,,,,,,,,,,,,,Traced,True,3
11.0,18.0,34476,L2,10350.0,L2_R,R,Roughly traced,ol_intrinsic,L2,VFB_jrmc2f2t,,,,,,,,,,,,,,,,,,,,,,,,,Traced,True,3
10.0,6.0,34513,L2,10350.0,L2_R,R,Roughly traced,ol_intrinsic,L2,VFB_jrmc2f3w,,,,,,,,,,,,,,,,,,,,,,,,,Traced,True,4
25.0,31.0,34516,L2,10350.0,L2_L,L,Prelim Roughly traced,ol_intrinsic,L2,VFB_jrmc2f2b,,,,,,,,,,,,,,,,,,,,,,,,,Traced,True,3
36.0,29.0,34594,L2,10350.0,L2_L,L,Reviewed,ol_intrinsic,L2,VFB_jrmc2evg,,,,,,,,,,,,,,,,,,,,,,,[79844 18758 20824],,Traced,True,3
16.0,13.0,34621,L2,10350.0,L2_R,R,Roughly traced,ol_intrinsic,L2,VFB_jrmc2g4z,,,,,,,,,,,,,,,,,,,,,,,,,Traced,True,3
12.0,10.0,34623,L2,10350.0,L2_R,R,Roughly traced,ol_intrinsic,L2,VFB_jrmc2fko,,,,,,,,,,,,,,,,,,,,,,,,,Traced,True,3
24.0,10.0,34653,L2,10350.0,L2_R,R,Roughly traced,ol_intrinsic,L2,VFB_jrmc2g0m,,,,,,,,,,,,,,,,,,,,,,,,,Traced,True,3
20.0,22.0,34669,L2,10350.0,L2_L,L,Prelim Roughly traced,ol_intrinsic,L2,VFB_jrmc2g5p,,,,,,,,,,,,,,,,,,,,,,,,,Traced,True,4
20.0,19.0,34672,L2,10350.0,L2_R,R,Roughly traced,ol_intrinsic,L2,VFB_jrmc2f2d,,,,,,,,,,,,,,,,,,,,,,,,,Traced,True,3
5.0,9.0,34716,L2,10350.0,L2_R,R,Roughly traced,ol_intrinsic,L2,VFB_jrmc2fnw,,,,,,,,,,,,,,,,,,,,,,,,,Traced,True,3
27.0,29.0,34749,L2,10350.0,L2_R,R,Roughly traced,ol_intrinsic,L2,VFB_jrmc2g18,,,,,,,,,,,,,,,,,,,,,,,,,Traced,True,3
12.0,7.0,34764,L2,10350.0,L2_R,R,Roughly traced,ol_intrinsic,L2,VFB_jrmc2fm5,,,,,,,,,,,,,,,,,,,,,,,,,Traced,True,4
21.0,11.0,34798,L2,10350.0,L2_L,L,Prelim Roughly traced,ol_intrinsic,L2,VFB_jrmc2fjt,,,,,,,,,,,,,,,,,,,,,,,,,Traced,True,4
13.0,9.0,34854,L2,10350.0,L2_R,R,Roughly traced,ol_intrinsic,L2,VFB_jrmc2g0b,,,,,,,,,,,,,,,,,,,,,,,,,Traced,True,4
11.0,19.0,34876,L2,10350.0,L2_L,L,Prelim Roughly traced,ol_intrinsic,L2,VFB_jrmc2fcn,,,,,,,,,,,,,,,,,,,,,,,,,Traced,True,3
13.0,13.0,34919,L2,10350.0,L2_R,R,Roughly traced,ol_intrinsic,L2,VFB_jrmc2f0w,,,,,,,,,,,,,,,,,,,,,,,,,Traced,True,3
15.0,9.0,34937,L2,10350.0,L2_R,R,Roughly traced,ol_intrinsic,L2,VFB_jrmc2ewt,,,,,,,,,,,,,,,,,,,,,,,,,Traced,True,3
13.0,18.0,34955,L2,10350.0,L2_R,R,Roughly traced,ol_intrinsic,L2,VFB_jrmc2f3k,,,,,,,,,,,,,,,,,,,,,,,,,Traced,True,3
8.0,7.0,35023,L2,10350.0,L2_R,R,Roughly traced,ol_intrinsic,L2,VFB_jrmc2ex4,,,,,,,,,,,,,,,,,,,,,,,,,Traced,True,4
17.0,26.0,35093,L2,10350.0,L2_R,R,Roughly traced,ol_intrinsic,L2,VFB_jrmc2fuv,,,,,,,,,,,,,,,,,,,,,,,,,Traced,True,3
7.0,20.0,35096,L2,10350.0,L2_L,L,Prelim Roughly traced,ol_intrinsic,L2,VFB_jrmc2evr,,,,,,,,,,,,,,,,,,,,,,,,,Traced,True,3
6.0,4.0,35097,L2,10350.0,L2_R,R,Roughly traced,ol_intrinsic,L2,VFB_jrmc2frp,,,,,,,,,,,,,,,,,,,,,,,,,Traced,True,4
7.0,7.0,35110,L2,10350.0,L2_R,R,Roughly traced,ol_intrinsic,L2,VFB_jrmc2fqi,,,,,,,,,,,,,,,,,,,,,,,,,Traced,True,3
23.0,9.0,35179,L2,10350.0,L2_R,R,Roughly traced,ol_intrinsic,L2,VFB_jrmc2foc,,,,,,,,,,,,,,,,,,,,,,,,,Traced,True,3
31.0,19.0,35207,L2,10350.0,L2_L,L,Prelim Roughly traced,ol_intrinsic,L2,VFB_jrmc2fui,,,,,,,,,,,,,,,,,,,,,,,,,Traced,True,4
15.0,11.0,35215,L2,10350.0,L2_R,R,Roughly traced,ol_intrinsic,L2,VFB_jrmc2fc7,,,,,,,,,,,,,,,,,,,,,,,,,Traced,True,3
12.0,16.0,35243,L2,10350.0,L2_L,L,Prelim Roughly traced,ol_intrinsic,L2,VFB_jrmc2g47,,,,,,,,,,,,,,,,,,,,,,,,,Traced,True,3
18.0,27.0,35287,L2,10350.0,L2_R,R,Roughly traced,ol_intrinsic,L2,VFB_jrmc2fhy,,,,,,,,,,,,,,,,,,,,,,,,,Traced,True,3
10.0,9.0,35299,L2,10350.0,L2_R,R,Roughly traced,ol_intrinsic,L2,VFB_jrmc2g5h,,,,,,,,,,,,,,,,,,,,,,,,,Traced,True,3
11.0,7.0,35328,L2,10350.0,L2_R,R,Roughly traced,ol_intrinsic,L2,VFB_jrmc2fpu,,,,,,,,,,,,,,,,,,,,,,,,,Traced,True,3
26.0,12.0,35342,L2,10350.0,L2_R,R,Roughly traced,ol_intrinsic,L2,VFB_jrmc2f5x,,,,,,,,,,,,,,,,,,,,,,,,,Traced,True,4
10.0,2.0,35347,L2,10350.0,L2_R,R,Roughly traced,ol_intrinsic,L2,VFB_jrmc2g09,,,,,,,,,,,,,,,,,,,,,,,,,Traced,True,4
22.0,18.0,35421,L2,10350.0,L2_R,R,Roughly traced,ol_intrinsic,L2,VFB_jrmc2g6k,,,,,,,,,,,,,,,,,,,,,,,,,Traced,True,3
13.0,19.0,35457,L2,10350.0,L2_R,R,Roughly traced,ol_intrinsic,L2,VFB_jrmc2fry,,,,,,,,,,,,,,,,,,,,,,,,,Traced,True,3
13.0,10.0,35481,L2,10350.0,L2_R,R,Roughly traced,ol_intrinsic,L2,VFB_jrmc2fas,,,,,,,,,,,,,,,,,,,,,,,,,Traced,True,3
10.0,8.0,35497,L2,10350.0,L2_R,R,Roughly traced,ol_intrinsic,L2,VFB_jrmc2g40,,,,,,,,,,,,,,,,,,,,,,,,,Traced,True,3
5.0,6.0,35515,L2,10350.0,L2_R,R,Roughly traced,ol_intrinsic,L2,VFB_jrmc2f8y,,,,,,,,,,,,,,,,,,,,,,,,,Traced,True,4
14.0,9.0,35578,L2,10350.0,L2_R,R,Roughly traced,ol_intrinsic,L2,VFB_jrmc2g4k,,,,,,,,,,,,,,,,,,,,,,,,,Traced,True,4
8.0,8.0,35612,L2,10350.0,L2_R,R,Roughly traced,ol_intrinsic,L2,VFB_jrmc2g2d,,,,,,,,,,,,,,,,,,,,,,,,,Traced,True,3
13.0,12.0,35647,L2,10350.0,L2_R,R,Roughly traced,ol_intrinsic,L2,VFB_jrmc2fdj,,,,,,,,,,,,,,,,,,,,,,,,,Traced,True,3
34.0,22.0,35648,L2,10350.0,L2_L,L,Reviewed,ol_intrinsic,L2,VFB_jrmc2g1x,,,,,,,,,,,,,,,,,,,,,,,[79860 24692 18298],,Traced,True,4
10.0,7.0,35651,L2,10350.0,L2_R,R,Roughly traced,ol_intrinsic,L2,VFB_jrmc2fwf,,,,,,,,,,,,,,,,,,,,,,,,,Traced,True,3
16.0,22.0,35767,L2,10350.0,L2_R,R,Roughly traced,ol_intrinsic,L2,VFB_jrmc2fz3,,,,,,,,,,,,,,,,,,,,,,,,,Traced,True,3
15.0,12.0,35795,L2,10350.0,L2_R,R,Roughly traced,ol_intrinsic,L2,VFB_jrmc2fsw,,,,,,,,,,,,,,,,,,,,,,,,,Traced,True,3
14.0,8.0,35909,L2,10350.0,L2_R,R,Roughly traced,ol_intrinsic,L2,VFB_jrmc2frd,,,,,,,,,,,,,,,,,,,,,,,,,Traced,True,4
18.0,27.0,35922,L2,10350.0,L2_L,L,Prelim Roughly traced,ol_intrinsic,L2,VFB_jrmc2ezf,,,,,,,,,,,,,,,,,,,,,,,,,Traced,True,3
29.0,36.0,35959,L2,10350.0,L2_R,R,Roughly traced,ol_intrinsic,L2,VFB_jrmc2f30,,,,,,,,,,,,,,,,,,,,,,,,,Traced,True,3
20.0,23.0,35970,L2,10350.0,L2_R,R,Roughly traced,ol_intrinsic,L2,VFB_jrmc2f78,,,,,,,,,,,,,,,,,,,,,,,,,Traced,True,3
13.0,32.0,35983,L2,10350.0,L2_R,R,Roughly traced,ol_intrinsic,L2,VFB_jrmc2fqz,,,,,,,,,,,,,,,,,,,,,,,[ 2645 32138 31944],,Traced,True,3
12.0,9.0,36015,L2,10350.0,L2_R,R,Roughly traced,ol_intrinsic,L2,VFB_jrmc2fwx,,,,,,,,,,,,,,,,,,,,,,,,,Traced,True,3
3.0,10.0,36037,L2,10350.0,L2_R,R,Roughly traced,ol_intrinsic,L2,VFB_jrmc2fr3,,,,,,,,,,,,,,,,,,,,,,,,,Traced,True,3
22.0,7.0,36048,L2,10350.0,L2_L,L,Prelim Roughly traced,ol_intrinsic,L2,VFB_jrmc2frs,,,,,,,,,,,,,,,,,,,,,,,,,Traced,True,3
30.0,16.0,36065,L2,10350.0,L2_L,L,Prelim Roughly traced,ol_intrinsic,L2,VFB_jrmc2f9j,,,,,,,,,,,,,,,,,,,,,,,,,Traced,True,3
19.0,28.0,36078,L2,10350.0,L2_L,L,Prelim Roughly traced,ol_intrinsic,L2,VFB_jrmc2fms,,,,,,,,,,,,,,,,,,,,,,,,,Traced,True,3
19.0,27.0,36157,L2,10350.0,L2_R,R,Roughly traced,ol_intrinsic,L2,VFB_jrmc2f6p,,,,,,,,,,,,,,,,,,,,,,,,,Traced,True,3
13.0,14.0,36238,L2,10350.0,L2_R,R,Roughly traced,ol_intrinsic,L2,VFB_jrmc2fx6,,,,,,,,,,,,,,,,,,,,,,,,,Traced,True,3
18.0,10.0,36337,L2,10350.0,L2_L,L,Prelim Roughly traced,ol_intrinsic,L2,VFB_jrmc2fh0,,,,,,,,,,,,,,,,,,,,,,,,,Traced,True,3
11.0,30.0,36338,L2,10350.0,L2_L,L,Prelim Roughly traced,ol_intrinsic,L2,VFB_jrmc2eue,,,,,,,,,,,,,,,,,,,,,,,[93082 31061 30102],,Traced,True,3
16.0,21.0,36390,L2,10350.0,L2_R,R,Roughly traced,ol_intrinsic,L2,VFB_jrmc2ewu,,,,,,,,,,,,,,,,,,,,,,,,,Traced,True,3
16.0,11.0,36447,L2,10350.0,L2_R,R,Roughly traced,ol_intrinsic,L2,VFB_jrmc2fny,,,,,,,,,,,,,,,,,,,,,,,,,Traced,True,3
4.0,7.0,36515,L2,10350.0,L2_R,R,Roughly traced,ol_intrinsic,L2,VFB_jrmc2fwz,,,,,,,,,,,,,,,,,,,,,,,,,Traced,True,3
18.0,26.0,36580,L2,10350.0,L2_R,R,Roughly traced,ol_intrinsic,L2,VFB_jrmc2evs,,,,,,,,,,,,,,,,,,,,,,,,,Traced,True,3
35.0,34.0,36658,L2,10350.0,L2_R,R,Roughly traced,ol_intrinsic,L2,VFB_jrmc2ezi,,,,,,,,,,,,,,,,,,,,,,,[14706 19108 23855],,Traced,True,3
15.0,20.0,36714,L2,10350.0,L2_R,R,Roughly traced,ol_intrinsic,L2,VFB_jrmc2f1h,,,,,,,,,,,,,,,,,,,,,,,,,Traced,True,3
15.0,19.0,36719,L2,10350.0,L2_R,R,Roughly traced,ol_intrinsic,L2,VFB_jrmc2f6q,,,,,,,,,,,,,,,,,,,,,,,,,Traced,True,3
19.0,23.0,36737,L2,10350.0,L2_L,L,Prelim Roughly traced,ol_intrinsic,L2,VFB_jrmc2g20,,,,,,,,,,,,,,,,,,,,,,,,,Traced,True,4
13.0,11.0,36738,L2,10350.0,L2_R,R,Roughly traced,ol_intrinsic,L2,VFB_jrmc2ftc,,,,,,,,,,,,,,,,,,,,,,,,,Traced,True,3
10.0,10.0,36762,L2,10350.0,L2_R,R,Roughly traced,ol_intrinsic,L2,VFB_jrmc2fv3,,,,,,,,,,,,,,,,,,,,,,,,,Traced,True,4
22.0,9.0,36800,L2,10350.0,L2_L,L,Prelim Roughly traced,ol_intrinsic,L2,VFB_jrmc2f2o,,,,,,,,,,,,,,,,,,,,,,,,,Traced,True,4
19.0,20.0,36807,L2,10350.0,L2_R,R,Roughly traced,ol_intrinsic,L2,VFB_jrmc2fvr,,,,,,,,,,,,,,,,,,,,,,,,,Traced,True,3
17.0,21.0,36860,L2,10350.0,L2_R,R,Roughly traced,ol_intrinsic,L2,VFB_jrmc2fjp,,,,,,,,,,,,,,,,,,,,,,,,,Traced,True,3
22.0,25.0,36864,L2,10350.0,L2_R,R,Roughly traced,ol_intrinsic,L2,VFB_jrmc2g4x,,,,,,,,,,,,,,,,,,,,,,,[11636 29742 29278],,Traced,True,3
26.0,38.0,36941,L2,10350.0,L2_R,R,Roughly traced,ol_intrinsic,L2,VFB_jrmc2f4r,,,,,,,,,,,,,,,,,,,,,,,[ 5394 22030 31401],,Traced,True,3
18.0,25.0,36962,L2,10350.0,L2_R,R,Roughly traced,ol_intrinsic,L2,VFB_jrmc2g70,,,,,,,,,,,,,,,,,,,,,,,,,Traced,True,3
20.0,27.0,36992,L2,10350.0,L2_L,L,Prelim Roughly traced,ol_intrinsic,L2,VFB_jrmc2f93,,,,,,,,,,,,,,,,,,,,,,,,,Traced,True,3
13.0,2.0,37069,L2,10350.0,L2_L,L,Prelim Roughly traced,ol_intrinsic,L2,VFB_jrmc2evt,,,,,,,,,,,,,,,,,,,,,,,,,Traced,True,4
36.0,29.0,37107,L2,10350.0,L2_R,R,Roughly traced,ol_intrinsic,L2,VFB_jrmc2evn,,,,,,,,,,,,,,,,,,,,,,,[16232 22128 21131],,Traced,True,3
31.0,39.0,37112,L2,10350.0,L2_R,R,Roughly traced,ol_intrinsic,L2,VFB_jrmc2f7u,,,,,,,,,,,,,,,,,,,,,,,[ 6856 19741 31899],,Traced,True,3
31.0,31.0,37173,L2,10350.0,L2_R,R,Roughly traced,ol_intrinsic,L2,VFB_jrmc2f8f,,,,,,,,,,,,,,,,,,,,,,,,,Traced,True,3
25.0,11.0,37220,L2,10350.0,L2_R,R,Roughly traced,ol_intrinsic,L2,VFB_jrmc2fuo,,,,,,,,,,,,,,,,,,,,,,,,,Traced,True,3
36.0,31.0,37237,L2,10350.0,L2_R,R,Roughly traced,ol_intrinsic,L2,VFB_jrmc2fw9,,,,,,,,,,,,,,,,,,,,,,,[16050 21185 22085],,Traced,True,3
11.0,9.0,37249,L2,10350.0,L2_R,R,Roughly traced,ol_intrinsic,L2,VFB_jrmc2fmx,,,,,,,,,,,,,,,,,,,,,,,,,Traced,True,3
31.0,37.0,37283,L2,10350.0,L2_R,R,Roughly traced,ol_intrinsic,L2,VFB_jrmc2g5z,,,,,,,,,,,,,,,,,,,,,,,,,Traced,True,3
22.0,23.0,37335,L2,10350.0,L2_R,R,Roughly traced,ol_intrinsic,L2,VFB_jrmc2eyw,,,,,,,,,,,,,,,,,,,,,,,,,Traced,True,3
19.0,5.0,37350,L2,10350.0,L2_R,R,Roughly traced,ol_intrinsic,L2,VFB_jrmc2f5y,,,,,,,,,,,,,,,,,,,,,,,,,Traced,True,4
22.0,26.0,37375,L2,10350.0,L2_L,L,Prelim Roughly traced,ol_intrinsic,L2,VFB_jrmc2f0z,,,,,,,,,,,,,,,,,,,,,,,,,Traced,True,4
6.0,8.0,37394,L2,10350.0,L2_R,R,Roughly traced,ol_intrinsic,L2,VFB_jrmc2fde,,,,,,,,,,,,,,,,,,,,,,,,,Traced,True,3
12.0,18.0,37456,L2,10350.0,L2_R,R,Roughly traced,ol_intrinsic,L2,VFB_jrmc2g1d,,,,,,,,,,,,,,,,,,,,,,,,,Traced,True,3
22.0,28.0,37479,L2,10350.0,L2_R,R,Roughly traced,ol_intrinsic,L2,VFB_jrmc2fhs,,,,,,,,,,,,,,,,,,,,,,,,,Traced,True,3
7.0,6.0,37504,L2,10350.0,L2_R,R,Roughly traced,ol_intrinsic,L2,VFB_jrmc2f2q,,,,,,,,,,,,,,,,,,,,,,,,,Traced,True,4
30.0,36.0,37523,L2,10350.0,L2_R,R,Roughly traced,ol_intrinsic,L2,VFB_jrmc2fd8,,,,,,,,,,,,,,,,,,,,,,,,,Traced,True,3
15.0,3.0,37738,L2,10350.0,L2_R,R,Roughly traced,ol_intrinsic,L2,VFB_jrmc2fmv,,,,,,,,,,,,,,,,,,,,,,,,,Traced,True,3
34.0,37.0,37755,L2,10350.0,L2_L,L,Reviewed,ol_intrinsic,L2,VFB_jrmc2f98,,,,,,,,,,,,,,,,,,,,,,,[83360 14720 27622],,Traced,True,3
9.0,7.0,37928,L2,10350.0,L2_R,R,Roughly traced,ol_intrinsic,L2,VFB_jrmc2g0z,,,,,,,,,,,,,,,,,,,,,,,,,Traced,True,4
23.0,24.0,37930,L2,10350.0,L2_R,R,Roughly traced,ol_intrinsic,L2,VFB_jrmc2eyt,,,,,,,,,,,,,,,,,,,,,,,,,Traced,True,3
24.0,26.0,37945,L2,10350.0,L2_R,R,Roughly traced,ol_intrinsic,L2,VFB_jrmc2fgg,,,,,,,,,,,,,,,,,,,,,,,,,Traced,True,3
12.0,9.0,38059,L2,10350.0,L2_L,L,Prelim Roughly traced,ol_intrinsic,L2,VFB_jrmc2fv1,,,,,,,,,,,,,,,,,,,,,,,,,Traced,True,3
22.0,24.0,38149,L2,10350.0,L2_L,L,Prelim Roughly traced,ol_intrinsic,L2,VFB_jrmc2fwr,,,,,,,,,,,,,,,,,,,,,,,,,Traced,True,4
30.0,19.0,38168,L2,10350.0,L2_L,L,Prelim Roughly traced,ol_intrinsic,L2,VFB_jrmc2f6d,,,,,,,,,,,,,,,,,,,,,,,,,Traced,True,3
17.0,20.0,38209,L2,10350.0,L2_R,R,Roughly traced,ol_intrinsic,L2,VFB_jrmc2fqn,,,,,,,,,,,,,,,,,,,,,,,,,Traced,True,3
18.0,21.0,38210,L2,10350.0,L2_R,R,Roughly traced,ol_intrinsic,L2,VFB_jrmc2f53,,,,,,,,,,,,,,,,,,,,,,,,,Traced,True,3
4.0,8.0,38277,L2,10350.0,L2_R,R,Roughly traced,ol_intrinsic,L2,VFB_jrmc2fhe,,,,,,,,,,,,,,,,,,,,,,,,,Traced,True,3
4.0,6.0,38302,L2,10350.0,L2_R,R,Roughly traced,ol_intrinsic,L2,VFB_jrmc2f81,,,,,,,,,,,,,,,,,,,,,,,,,Traced,True,4
6.0,5.0,38310,L2,10350.0,L2_R,R,Roughly traced,ol_intrinsic,L2,VFB_jrmc2f8e,,,,,,,,,,,,,,,,,,,,,,,,,Traced,True,4
9.0,6.0,38397,L2,10350.0,L2_R,R,Roughly traced,ol_intrinsic,L2,VFB_jrmc2fmz,,,,,,,,,,,,,,,,,,,,,,,,,Traced,True,4
22.0,24.0,38403,L2,10350.0,L2_R,R,Roughly traced,ol_intrinsic,L2,VFB_jrmc2g0e,,,,,,,,,,,,,,,,,,,,,,,,,Traced,True,3
7.0,22.0,38412,L2,10350.0,L2_R,R,Roughly traced,ol_intrinsic,L2,VFB_jrmc2fu1,,,,,,,,,,,,,,,,,,,,,,,,,Traced,True,3
21.0,28.0,38497,L2,10350.0,L2_R,R,Roughly traced,ol_intrinsic,L2,VFB_jrmc2ezp,,,,,,,,,,,,,,,,,,,,,,,,,Traced,True,3
24.0,27.0,38631,L2,10350.0,L2_L,L,Prelim Roughly traced,ol_intrinsic,L2,VFB_jrmc2fkh,,,,,,,,,,,,,,,,,,,,,,,,,Traced,True,4
14.0,11.0,38633,L2,10350.0,L2_R,R,Roughly traced,ol_intrinsic,L2,VFB_jrmc2f2h,,,,,,,,,,,,,,,,,,,,,,,,,Traced,True,3
12.0,8.0,38636,L2,10350.0,L2_R,R,Roughly traced,ol_intrinsic,L2,VFB_jrmc2fjv,,,,,,,,,,,,,,,,,,,,,,,,,Traced,True,3
17.0,22.0,38646,L2,10350.0,L2_R,R,Roughly traced,ol_intrinsic,L2,VFB_jrmc2g2u,,,,,,,,,,,,,,,,,,,,,,,,,Traced,True,3
6.0,14.0,38677,L2,10350.0,L2_L,L,Prelim Roughly traced,ol_intrinsic,L2,VFB_jrmc2f4d,,,,,,,,,,,,,,,,,,,,,,,,,Traced,True,3
7.0,15.0,38728,L2,10350.0,L2_L,L,Prelim Roughly traced,ol_intrinsic,L2,VFB_jrmc2g0p,,,,,,,,,,,,,,,,,,,,,,,,,Traced,True,3
21.0,36.0,38734,L2,10350.0,L2_R,R,Roughly traced,ol_intrinsic,L2,VFB_jrmc2eu4,,,,,,,,,,,,,,,,,,,,,,,[ 4581 25964 30814],,Traced,True,3
24.0,27.0,38799,L2,10350.0,L2_R,R,Roughly traced,ol_intrinsic,L2,VFB_jrmc2g00,,,,,,,,,,,,,,,,,,,,,,,,,Traced,True,3
17.0,25.0,38825,L2,10350.0,L2_R,R,Roughly traced,ol_intrinsic,L2,VFB_jrmc2g13,,,,,,,,,,,,,,,,,,,,,,,,,Traced,True,3
9.0,1.0,38891,L2,10350.0,L2_L,L,Prelim Roughly traced,ol_intrinsic,L2,VFB_jrmc2g42,,,,,,,,,,,,,,,,,,,,,,,,,Traced,True,4
6.0,15.0,38923,L2,10350.0,L2_L,L,Prelim Roughly traced,ol_intrinsic,L2,VFB_jrmc2fb1,,,,,,,,,,,,,,,,,,,,,,,,,Traced,True,3
35.0,25.0,38988,L2,10350.0,L2_R,R,Roughly traced,ol_intrinsic,L2,VFB_jrmc2g5x,,,,,,,,,,,,,,,,,,,,,,,,,Traced,True,3
5.0,15.0,39017,L2,10350.0,L2_L,L,Prelim Roughly traced,ol_intrinsic,L2,VFB_jrmc2eu5,,,,,,,,,,,,,,,,,,,,,,,,,Traced,True,3
19.0,21.0,39087,L2,10350.0,L2_R,R,Roughly traced,ol_intrinsic,L2,VFB_jrmc2f87,,,,,,,,,,,,,,,,,,,,,,,,,Traced,True,3
19.0,22.0,39093,L2,10350.0,L2_R,R,Roughly traced,ol_intrinsic,L2,VFB_jrmc2eyn,,,,,,,,,,,,,,,,,,,,,,,,,Traced,True,3
5.0,19.0,39242,L2,10350.0,L2_R,R,Roughly traced,ol_intrinsic,L2,VFB_jrmc2f8s,,,,,,,,,,,,,,,,,,,,,,,,,Traced,True,3
18.0,22.0,39278,L2,10350.0,L2_R,R,Roughly traced,ol_intrinsic,L2,VFB_jrmc2fxr,,,,,,,,,,,,,,,,,,,,,,,,,Traced,True,3
23.0,25.0,39280,L2,10350.0,L2_R,R,Roughly traced,ol_intrinsic,L2,VFB_jrmc2ffh,,,,,,,,,,,,,,,,,,,,,,,,,Traced,True,3
19.0,24.0,39325,L2,10350.0,L2_L,L,Prelim Roughly traced,ol_intrinsic,L2,VFB_jrmc2ftd,,,,,,,,,,,,,,,,,,,,,,,,,Traced,True,4
,,39349,L2,10350.0,L2_L,L,Reviewed,ol_intrinsic,L2,VFB_jrmc2ett,,,,,,,,,,,,,,,,,,,,,,,,,Traced,True,3
15.0,16.0,39406,L2,10350.0,L2_L,L,Prelim Roughly traced,ol_intrinsic,L2,VFB_jrmc2fz8,,,,,,,,,,,,,,,,,,,,,,,,,Traced,True,3
32.0,34.0,39489,L2,10350.0,L2_L,L,Prelim Roughly traced,ol_intrinsic,L2,VFB_jrmc2fp7,,,,,,,,,,,,,,,,,,,,,,,[83574 17520 24424],,Traced,True,4
6.0,22.0,39559,L2,10350.0,L2_R,R,Roughly traced,ol_intrinsic,L2,VFB_jrmc2fej,,,,,,,,,,,,,,,,,,,,,,,,,Traced,True,3
8.0,6.0,39594,L2,10350.0,L2_R,R,Roughly traced,ol_intrinsic,L2,VFB_jrmc2fq8,,,,,,,,,,,,,,,,,,,,,,,,,Traced,True,4
18.0,23.0,39603,L2,10350.0,L2_L,L,Prelim Roughly traced,ol_intrinsic,L2,VFB_jrmc2fez,,,,,,,,,,,,,,,,,,,,,,,,,Traced,True,4
3.0,12.0,39628,L2,10350.0,L2_R,R,Roughly traced,ol_intrinsic,L2,VFB_jrmc2fpi,,,,,,,,,,,,,,,,,,,,,,,,,Traced,True,3
33.0,31.0,39647,L2,10350.0,L2_R,R,Roughly traced,ol_intrinsic,L2,VFB_jrmc2g61,,,,,,,,,,,,,,,,,,,,,,,,,Traced,True,3
17.0,24.0,39714,L2,10350.0,L2_R,R,Roughly traced,ol_intrinsic,L2,VFB_jrmc2g0a,,,,,,,,,,,,,,,,,,,,,,,,,Traced,True,3
18.0,9.0,39724,L2,10350.0,L2_L,L,Reviewed,ol_intrinsic,L2,VFB_jrmc2eu2,,,,,,,,,,,,,,,,,,,,,,,,,Traced,True,3
15.0,12.0,39756,L2,10350.0,L2_L,L,Prelim Roughly traced,ol_intrinsic,L2,VFB_jrmc2fr4,,,,,,,,,,,,,,,,,,,,,,,,,Traced,True,4
4.0,9.0,39822,L2,10350.0,L2_R,R,Roughly traced,ol_intrinsic,L2,VFB_jrmc2fgq,,,,,,,,,,,,,,,,,,,,,,,,,Traced,True,3
36.0,33.0,39855,L2,10350.0,L2_L,L,Prelim Roughly traced,ol_intrinsic,L2,VFB_jrmc2fum,,,,,,,,,,,,,,,,,,,,,,,[80646 16670 23642],,Traced,True,4
17.0,20.0,39856,L2,10350.0,L2_L,L,Prelim Roughly traced,ol_intrinsic,L2,VFB_jrmc2ff4,,,,,,,,,,,,,,,,,,,,,,,,,Traced,True,4
20.0,22.0,39955,L2,10350.0,L2_R,R,Roughly traced,ol_intrinsic,L2,VFB_jrmc2f2y,,,,,,,,,,,,,,,,,,,,,,,,,Traced,True,3
14.0,20.0,39973,L2,10350.0,L2_L,L,Prelim Roughly traced,ol_intrinsic,L2,VFB_jrmc2g6d,,,,,,,,,,,,,,,,,,,,,,,,,Traced,True,3
14.0,12.0,40042,L2,10350.0,L2_R,R,Roughly traced,ol_intrinsic,L2,VFB_jrmc2g7i,,,,,,,,,,,,,,,,,,,,,,,,,Traced,True,3
36.0,27.0,40139,L2,10350.0,L2_R,R,Roughly traced,ol_intrinsic,L2,VFB_jrmc2ez8,,,,,,,,,,,,,,,,,,,,,,,[15977 23720 20414],,Traced,True,3
29.0,39.0,40214,L2,10350.0,L2_L,L,Prelim Roughly traced,ol_intrinsic,L2,VFB_jrmc2fzu,,,,,,,,,,,,,,,,,,,,,,,[88860 16526 31044],,Traced,True,3
17.0,23.0,40354,L2,10350.0,L2_R,R,Roughly traced,ol_intrinsic,L2,VFB_jrmc2ftf,,,,,,,,,,,,,,,,,,,,,,,,,Traced,True,3
3.0,13.0,40382,L2,10350.0,L2_R,R,Roughly traced,ol_intrinsic,L2,VFB_jrmc2fpt,,,,,,,,,,,,,,,,,,,,,,,,,Traced,True,3
35.0,26.0,40443,L2,10350.0,L2_R,R,Roughly traced,ol_intrinsic,L2,VFB_jrmc2fp9,,,,,,,,,,,,,,,,,,,,,,,,,Traced,True,4
33.0,21.0,40496,L2,10350.0,L2_R,R,Roughly traced,ol_intrinsic,L2,VFB_jrmc2fct,,,,,,,,,,,,,,,,,,,,,,,,,Traced,True,3
16.0,20.0,40508,L2,10350.0,L2_R,R,Roughly traced,ol_intrinsic,L2,VFB_jrmc2fpk,,,,,,,,,,,,,,,,,,,,,,,,,Traced,True,3
19.0,35.0,40560,L2,10350.0,L2_L,L,Prelim Roughly traced,ol_intrinsic,L2,VFB_jrmc2g3u,,,,,,,,,,,,,,,,,,,,,,,,,Traced,True,3
21.0,25.0,41025,L2,10350.0,L2_L,L,Prelim Roughly traced,ol_intrinsic,L2,VFB_jrmc2frk,,,,,,,,,,,,,,,,,,,,,,,,,Traced,True,3
12.0,2.0,41104,L2,10350.0,L2_R,R,Roughly traced,ol_intrinsic,L2,VFB_jrmc2fd6,,,,,,,,,,,,,,,,,,,,,,,,,Traced,True,4
32.0,21.0,41128,L2,10350.0,L2_L,L,Prelim Roughly traced,ol_intrinsic,L2,VFB_jrmc2fvp,,,,,,,,,,,,,,,,,,,,,,,[80564 25129 18022],,Traced,True,4
6.0,12.0,41163,L2,10350.0,L2_L,L,Prelim Roughly traced,ol_intrinsic,L2,VFB_jrmc2fan,,,,,,,,,,,,,,,,,,,,,,,,,Traced,True,4
4.0,4.0,41191,L2,10350.0,L2_L,L,Prelim Roughly traced,ol_intrinsic,L2,VFB_jrmc2euv,,,,,,,,,,,,,,,,,,,,,,,,,Traced,True,4
8.0,26.0,41422,L2,10350.0,L2_R,R,Roughly traced,ol_intrinsic,L2,VFB_jrmc2ety,,,,,,,,,,,,,,,,,,,,,,,,,Traced,True,3
8.0,2.0,41532,L2,10350.0,L2_L,L,Prelim Roughly traced,ol_intrinsic,L2,VFB_jrmc2evx,,,,,,,,,,,,,,,,,,,,,,,,,Traced,True,4
18.0,24.0,41821,L2,10350.0,L2_R,R,Roughly traced,ol_intrinsic,L2,VFB_jrmc2fie,,,,,,,,,,,,,,,,,,,,,,,,,Traced,True,3
5.0,17.0,42034,L2,10350.0,L2_L,L,Prelim Roughly traced,ol_intrinsic,L2,VFB_jrmc2fy8,,,,,,,,,,,,,,,,,,,,,,,,,Traced,True,3
31.0,32.0,42189,L2,10350.0,L2_L,L,Prelim Roughly traced,ol_intrinsic,L2,VFB_jrmc2ewy,,,,,,,,,,,,,,,,,,,,,,,,,Traced,True,4
22.0,11.0,42195,L2,10350.0,L2_L,L,Prelim Roughly traced,ol_intrinsic,L2,VFB_jrmc2fiy,,,,,,,,,,,,,,,,,,,,,,,,,Traced,True,4
12.0,10.0,42243,L2,10350.0,L2_L,L,Prelim Roughly traced,ol_intrinsic,L2,VFB_jrmc2g27,,,,,,,,,,,,,,,,,,,,,,,,,Traced,True,4
22.0,36.0,42363,L2,10350.0,L2_L,L,Prelim Roughly traced,ol_intrinsic,L2,VFB_jrmc2eza,,,,,,,,,,,,,,,,,,,,,,,[91808 21921 31568],,Traced,True,3
23.0,27.0,42368,L2,10350.0,L2_L,L,Prelim Roughly traced,ol_intrinsic,L2,VFB_jrmc2g3h,,,,,,,,,,,,,,,,,,,,,,,,,Traced,True,4
21.0,27.0,42369,L2,10350.0,L2_R,R,Roughly traced,ol_intrinsic,L2,VFB_jrmc2g3t,,,,,,,,,,,,,,,,,,,,,,,,,Traced,True,3
28.0,39.0,42383,L2,10350.0,L2_L,L,Prelim Roughly traced,ol_intrinsic,L2,VFB_jrmc2fon,,,,,,,,,,,,,,,,,,,,,,,[88186 15818 30542],,Traced,True,3
9.0,28.0,42416,L2,10350.0,L2_R,R,Roughly traced,ol_intrinsic,L2,VFB_jrmc2ful,,,,,,,,,,,,,,,,,,,,,,,,,Traced,True,3
8.0,5.0,42526,L2,10350.0,L2_R,R,Roughly traced,ol_intrinsic,L2,VFB_jrmc2f36,,,,,,,,,,,,,,,,,,,,,,,,,Traced,True,4
21.0,24.0,42591,L2,10350.0,L2_L,L,Prelim Roughly traced,ol_intrinsic,L2,VFB_jrmc2fr2,,,,,,,,,,,,,,,,,,,,,,,,,Traced,True,4
23.0,27.0,42687,L2,10350.0,L2_R,R,Roughly traced,ol_intrinsic,L2,VFB_jrmc2g22,,,,,,,,,,,,,,,,,,,,,,,,,Traced,True,3
25.0,10.0,43130,L2,10350.0,L2_R,R,Roughly traced,ol_intrinsic,L2,VFB_jrmc2f9p,,,,,,,,,,,,,,,,,,,,,,,,,Traced,True,3
3.0,9.0,43135,L2,10350.0,L2_R,R,Roughly traced,ol_intrinsic,L2,VFB_jrmc2f68,,,,,,,,,,,,,,,,,,,,,,,,,Traced,True,3
32.0,19.0,43182,L2,10350.0,L2_R,R,Roughly traced,ol_intrinsic,L2,VFB_jrmc2fq5,,,,,,,,,,,,,,,,,,,,,,,,,Traced,True,3
33.0,20.0,43233,L2,10350.0,L2_R,R,Roughly traced,ol_intrinsic,L2,VFB_jrmc2fw1,,,,,,,,,,,,,,,,,,,,,,,[14419 27857 24894],,Traced,True,4
20.0,26.0,43359,L2,10350.0,L2_R,R,Roughly traced,ol_intrinsic,L2,VFB_jrmc2fg1,,,,,,,,,,,,,,,,,,,,,,,,,Traced,True,3
33.0,37.0,43375,L2,10350.0,L2_L,L,Prelim Roughly traced,ol_intrinsic,L2,VFB_jrmc2fdp,,,,,,,,,,,,,,,,,,,,,,,[84704 15048 27144],,Traced,True,3
16.0,17.0,43594,L2,10350.0,L2_R,R,Roughly traced,ol_intrinsic,L2,VFB_jrmc2fvl,,,,,,,,,,,,,,,,,,,,,,,,,Traced,True,3
21.0,23.0,43622,L2,10350.0,L2_R,R,Roughly traced,ol_intrinsic,L2,VFB_jrmc2f2f,,,,,,,,,,,,,,,,,,,,,,,,,Traced,True,3
18.0,23.0,43647,L2,10350.0,L2_R,R,Roughly traced,ol_intrinsic,L2,VFB_jrmc2flk,,,,,,,,,,,,,,,,,,,,,,,,,Traced,True,3
34.0,23.0,43676,L2,10350.0,L2_R,R,Roughly traced,ol_intrinsic,L2,VFB_jrmc2fvd,,,,,,,,,,,,,,,,,,,,,,,,,Traced,True,3
21.0,26.0,43711,L2,10350.0,L2_R,R,Roughly traced,ol_intrinsic,L2,VFB_jrmc2fr9,,,,,,,,,,,,,,,,,,,,,,,,,Traced,True,3
22.0,26.0,43993,L2,10350.0,L2_R,R,Roughly traced,ol_intrinsic,L2,VFB_jrmc2fs7,,,,,,,,,,,,,,,,,,,,,,,,,Traced,True,3
21.0,25.0,44204,L2,10350.0,L2_R,R,Roughly traced,ol_intrinsic,L2,VFB_jrmc2fuz,,,,,,,,,,,,,,,,,,,,,,,,,Traced,True,3
16.0,3.0,44301,L2,10350.0,L2_L,L,Prelim Roughly traced,ol_intrinsic,L2,VFB_jrmc2evf,,,,,,,,,,,,,,,,,,,,,,,,,Traced,True,4
19.0,26.0,44414,L2,10350.0,L2_R,R,Roughly traced,ol_intrinsic,L2,VFB_jrmc2fu8,,,,,,,,,,,,,,,,,,,,,,,,,Traced,True,3
19.0,25.0,44425,L2,10350.0,L2_R,R,Roughly traced,ol_intrinsic,L2,VFB_jrmc2exr,,,,,,,,,,,,,,,,,,,,,,,,,Traced,True,3
16.0,8.0,44451,L2,10350.0,L2_L,L,Prelim Roughly traced,ol_intrinsic,L2,VFB_jrmc2eua,,,,,,,,,,,,,,,,,,,,,,,,,Traced,True,3
36.0,28.0,44460,L2,10350.0,L2_R,R,Roughly traced,ol_intrinsic,L2,VFB_jrmc2f0k,,,,,,,,,,,,,,,,,,,,,,,[16480 22710 21604],,Traced,True,3
3.0,8.0,44499,L2,10350.0,L2_R,R,Roughly traced,ol_intrinsic,L2,VFB_jrmc2f9i,,,,,,,,,,,,,,,,,,,,,,,,,Traced,True,3
29.0,39.0,44651,L2,10350.0,L2_R,R,Roughly traced,ol_intrinsic,L2,VFB_jrmc2f7m,,,,,,,,,,,,,,,,,,,,,,,,,Traced,True,3
19.0,24.0,44668,L2,10350.0,L2_R,R,Roughly traced,ol_intrinsic,L2,VFB_jrmc2fxw,,,,,,,,,,,,,,,,,,,,,,,,,Traced,True,3
27.0,13.0,44708,L2,10350.0,L2_R,R,Roughly traced,ol_intrinsic,L2,VFB_jrmc2euw,,,,,,,,,,,,,,,,,,,,,,,,,Traced,True,4
22.0,27.0,44954,L2,10350.0,L2_R,R,Roughly traced,ol_intrinsic,L2,VFB_jrmc2g4q,,,,,,,,,,,,,,,,,,,,,,,,,Traced,True,3
4.0,3.0,45159,L2,10350.0,L2_L,L,Prelim Roughly traced,ol_intrinsic,L2,VFB_jrmc2eye,,,,,,,,,,,,,,,,,,,,,,,,,Traced,True,4
4.0,16.0,45163,L2,10350.0,L2_R,R,Roughly traced,ol_intrinsic,L2,VFB_jrmc2fen,,,,,,,,,,,,,,,,,,,,,,,,,Traced,True,3
16.0,18.0,45169,L2,10350.0,L2_L,L,Prelim Roughly traced,ol_intrinsic,L2,VFB_jrmc2fg3,,,,,,,,,,,,,,,,,,,,,,,,,Traced,True,4
34.0,38.0,45195,L2,10350.0,L2_R,R,Roughly traced,ol_intrinsic,L2,VFB_jrmc2fvt,,,,,,,,,,,,,,,,,,,,,,,[11416 17845 28133],,Traced,True,3
31.0,17.0,45271,L2,10350.0,L2_R,R,Roughly traced,ol_intrinsic,L2,VFB_jrmc2g5g,,,,,,,,,,,,,,,,,,,,,,,,,Traced,True,4
21.0,24.0,45688,L2,10350.0,L2_R,R,Roughly traced,ol_intrinsic,L2,VFB_jrmc2fgu,,,,,,,,,,,,,,,,,,,,,,,,,Traced,True,3
35.0,35.0,45910,L2,10350.0,L2_R,R,Roughly traced,ol_intrinsic,L2,VFB_jrmc2fty,,,,,,,,,,,,,,,,,,,,,,,[14145 18675 24399],,Traced,True,3
4.0,17.0,46265,L2,10350.0,L2_R,R,Roughly traced,ol_intrinsic,L2,VFB_jrmc2foy,,,,,,,,,,,,,,,,,,,,,,,,,Traced,True,3
19.0,23.0,46516,L2,10350.0,L2_R,R,Roughly traced,ol_intrinsic,L2,VFB_jrmc2f55,,,,,,,,,,,,,,,,,,,,,,,,,Traced,True,3
4.0,14.0,46529,L2,10350.0,L2_L,L,Prelim Roughly traced,ol_intrinsic,L2,VFB_jrmc2ezc,,,,,,,,,,,,,,,,,,,,,,,,,Traced,True,3
16.0,3.0,46619,L2,10350.0,L2_R,R,Roughly traced,ol_intrinsic,L2,VFB_jrmc2fhj,,,,,,,,,,,,,,,,,,,,,,,,,Traced,True,4
9.0,14.0,46671,L2,10350.0,L2_L,L,Prelim Roughly traced,ol_intrinsic,L2,VFB_jrmc2f6j,,,,,,,,,,,,,,,,,,,,,,,,,Traced,True,4
21.0,7.0,46730,L2,10350.0,L2_R,R,Roughly traced,ol_intrinsic,L2,VFB_jrmc2f8x,,,,,,,,,,,,,,,,,,,,,,,,,Traced,True,4
9.0,12.0,47025,L2,10350.0,L2_L,L,Prelim Roughly traced,ol_intrinsic,L2,VFB_jrmc2f4s,,,,,,,,,,,,,,,,,,,,,,,,,Traced,True,4
4.0,4.0,47057,L2,10350.0,L2_R,R,Roughly traced,ol_intrinsic,L2,VFB_jrmc2for,,,,,,,,,,,,,,,,,,,,,,,[18113 52059 32143],,Traced,True,4
16.0,17.0,47098,L2,10350.0,L2_L,L,Prelim Roughly traced,ol_intrinsic,L2,VFB_jrmc2f0j,,,,,,,,,,,,,,,,,,,,,,,,,Traced,True,4
18.0,4.0,47154,L2,10350.0,L2_R,R,Roughly traced,ol_intrinsic,L2,VFB_jrmc2fvq,,,,,,,,,,,,,,,,,,,,,,,,,Traced,True,4
10.0,16.0,47172,L2,10350.0,L2_L,L,Prelim Roughly traced,ol_intrinsic,L2,VFB_jrmc2ewd,,,,,,,,,,,,,,,,,,,,,,,,,Traced,True,4
18.0,4.0,47280,L2,10350.0,L2_L,L,Prelim Roughly traced,ol_intrinsic,L2,VFB_jrmc2f34,,,,,,,,,,,,,,,,,,,,,,,,,Traced,True,4
12.0,3.0,47412,L2,10350.0,L2_R,R,Roughly traced,ol_intrinsic,L2,VFB_jrmc2fu9,,,,,,,,,,,,,,,,,,,,,,,,,Traced,True,4
20.0,27.0,47508,L2,10350.0,L2_R,R,Roughly traced,ol_intrinsic,L2,VFB_jrmc2f2v,,,,,,,,,,,,,,,,,,,,,,,,,Traced,True,3
36.0,26.0,47665,L2,10350.0,L2_R,R,Roughly traced,ol_intrinsic,L2,VFB_jrmc2fgr,,,,,,,,,,,,,,,,,,,,,,,[17132 24506 20784],,Traced,True,3
13.0,8.0,48023,L2,10350.0,L2_L,L,Prelim Roughly traced,ol_intrinsic,L2,VFB_jrmc2fzg,,,,,,,,,,,,,,,,,,,,,,,,,Traced,True,3
14.0,13.0,48065,L2,10350.0,L2_R,R,Roughly traced,ol_intrinsic,L2,VFB_jrmc2f8q,,,,,,,,,,,,,,,,,,,,,,,,,Traced,True,3
3.0,14.0,48825,L2,10350.0,L2_R,R,Roughly traced,ol_intrinsic,L2,VFB_jrmc2frj,,,,,,,,,,,,,,,,,,,,,,,,,Traced,True,3
28.0,14.0,48961,L2,10350.0,L2_R,R,Roughly traced,ol_intrinsic,L2,VFB_jrmc2g0c,,,,,,,,,,,,,,,,,,,,,,,,,Traced,True,4
9.0,9.0,49489,L2,10350.0,L2_L,L,Prelim Roughly traced,ol_intrinsic,L2,VFB_jrmc2ff0,,,,,,,,,,,,,,,,,,,,,,,,,Traced,True,4
20.0,5.0,49742,L2,10350.0,L2_R,R,Roughly traced,ol_intrinsic,L2,VFB_jrmc2g6w,,,,,,,,,,,,,,,,,,,,,,,,,Traced,True,4
15.0,6.0,49949,L2,10350.0,L2_L,L,Prelim Roughly traced,ol_intrinsic,L2,VFB_jrmc2fn1,,,,,,,,,,,,,,,,,,,,,,,,,Traced,True,3
20.0,25.0,49973,L2,10350.0,L2_R,R,Roughly traced,ol_intrinsic,L2,VFB_jrmc2g5n,,,,,,,,,,,,,,,,,,,,,,,,,Traced,True,3
13.0,7.0,50048,L2,10350.0,L2_L,L,Prelim Roughly traced,ol_intrinsic,L2,VFB_jrmc2fes,,,,,,,,,,,,,,,,,,,,,,,,,Traced,True,4
35.0,23.0,50062,L2,10350.0,L2_R,R,Roughly traced,ol_intrinsic,L2,VFB_jrmc2f0p,,,,,,,,,,,,,,,,,,,,,,,,,Traced,True,4
14.0,10.0,50116,L2,10350.0,L2_L,L,Prelim Roughly traced,ol_intrinsic,L2,VFB_jrmc2ft0,,,,,,,,,,,,,,,,,,,,,,,,,Traced,True,3
16.0,13.0,50136,L2,10350.0,L2_L,L,Prelim Roughly traced,ol_intrinsic,L2,VFB_jrmc2g59,,,,,,,,,,,,,,,,,,,,,,,,,Traced,True,4
32.0,38.0,50317,L2,10350.0,L2_L,L,Prelim Roughly traced,ol_intrinsic,L2,VFB_jrmc2eul,,,,,,,,,,,,,,,,,,,,,,,[85090 14652 28682],,Traced,True,3
3.0,7.0,50362,L2,10350.0,L2_R,R,Roughly traced,ol_intrinsic,L2,VFB_jrmc2eyf,,,,,,,,,,,,,,,,,,,,,,,,,Traced,True,3
,,50385,L2,10350.0,L2_L,L,Reviewed,ol_intrinsic,L2,VFB_jrmc2etu,,,,,,,,,,,,,,,,,,,,,,,,,Traced,True,3
17.0,12.0,50442,L2,10350.0,L2_L,L,Prelim Roughly traced,ol_intrinsic,L2,VFB_jrmc2f14,,,,,,,,,,,,,,,,,,,,,,,,,Traced,True,4
5.0,18.0,50649,L2,10350.0,L2_L,L,Prelim Roughly traced,ol_intrinsic,L2,VFB_jrmc2fae,,,,,,,,,,,,,,,,,,,,,,,,,Traced,True,4
28.0,14.0,50737,L2,10350.0,L2_L,L,Prelim Roughly traced,ol_intrinsic,L2,VFB_jrmc2g56,,,,,,,,,,,,,,,,,,,,,,,,,Traced,True,4
20.0,6.0,50762,L2,10350.0,L2_R,R,Roughly traced,ol_intrinsic,L2,VFB_jrmc2g16,,,,,,,,,,,,,,,,,,,,,,,,,Traced,True,4
20.0,24.0,51108,L2,10350.0,L2_R,R,Roughly traced,ol_intrinsic,L2,VFB_jrmc2g5u,,,,,,,,,,,,,,,,,,,,,,,,,Traced,True,3
4.0,18.0,51136,L2,10350.0,L2_R,R,Roughly traced,ol_intrinsic,L2,VFB_jrmc2fc8,,,,,,,,,,,,,,,,,,,,,,,,,Traced,True,3
4.0,5.0,51150,L2,10350.0,L2_R,R,Roughly traced,ol_intrinsic,L2,VFB_jrmc2fr0,,,,,,,,,,,,,,,,,,,,,,,,,Traced,True,4
35.0,24.0,51154,L2,10350.0,L2_R,R,Roughly traced,ol_intrinsic,L2,VFB_jrmc2fb3,,,,,,,,,,,,,,,,,,,,,,,,,Traced,True,3
2.0,9.0,51175,L2,10350.0,L2_R,R,Roughly traced,ol_intrinsic,L2,VFB_jrmc2f0n,,,,,,,,,,,,,,,,,,,,,,,,,Traced,True,3
14.0,9.0,51206,L2,10350.0,L2_L,L,Prelim Roughly traced,ol_intrinsic,L2,VFB_jrmc2g0j,,,,,,,,,,,,,,,,,,,,,,,,,Traced,True,3
10.0,3.0,51534,L2,10350.0,L2_R,R,Roughly traced,ol_intrinsic,L2,VFB_jrmc2fpb,,,,,,,,,,,,,,,,,,,,,,,,,Traced,True,4
32.0,38.0,51601,L2,10350.0,L2_R,R,Roughly traced,ol_intrinsic,L2,VFB_jrmc2fh1,,,,,,,,,,,,,,,,,,,,,,,,,Traced,True,3
18.0,8.0,51708,L2,10350.0,L2_L,L,Prelim Roughly traced,ol_intrinsic,L2,VFB_jrmc2f06,,,,,,,,,,,,,,,,,,,,,,,,,Traced,True,3
3.0,10.0,51787,L2,10350.0,L2_L,L,Reviewed,ol_intrinsic,L2,VFB_jrmc2fji,,,,,,,,,,,,,,,,,,,,,,,,,Traced,True,3
22.0,8.0,51860,L2,10350.0,L2_L,L,Prelim Roughly traced,ol_intrinsic,L2,VFB_jrmc2fij,,,,,,,,,,,,,,,,,,,,,,,,,Traced,True,4
4.0,10.0,51892,L2,10350.0,L2_L,L,Prelim Roughly traced,ol_intrinsic,L2,VFB_jrmc2eyd,,,,,,,,,,,,,,,,,,,,,,,,,Traced,True,4
9.0,4.0,52074,L2,10350.0,L2_R,R,Roughly traced,ol_intrinsic,L2,VFB_jrmc2fkc,,,,,,,,,,,,,,,,,,,,,,,,,Traced,True,4
17.0,3.0,52090,L2,10350.0,L2_R,R,Roughly traced,ol_intrinsic,L2,VFB_jrmc2fsv,,,,,,,,,,,,,,,,,,,,,,,,,Traced,True,3
14.0,8.0,52469,L2,10350.0,L2_L,L,Prelim Roughly traced,ol_intrinsic,L2,VFB_jrmc2fva,,,,,,,,,,,,,,,,,,,,,,,,,Traced,True,4
24.0,9.0,52664,L2,10350.0,L2_R,R,Roughly traced,ol_intrinsic,L2,VFB_jrmc2f5a,,,,,,,,,,,,,,,,,,,,,,,,,Traced,True,3
9.0,11.0,52762,L2,10350.0,L2_L,L,Prelim Roughly traced,ol_intrinsic,L2,VFB_jrmc2fmk,,,,,,,,,,,,,,,,,,,,,,,,,Traced,True,4
25.0,10.0,52845,L2,10350.0,L2_L,L,Prelim Roughly traced,ol_intrinsic,L2,VFB_jrmc2fl5,,,,,,,,,,,,,,,,,,,,,,,,,Traced,True,4
17.0,4.0,52974,L2,10350.0,L2_L,L,Prelim Roughly traced,ol_intrinsic,L2,VFB_jrmc2ezw,,,,,,,,,,,,,,,,,,,,,,,,,Traced,True,4
6.0,21.0,53115,L2,10350.0,L2_L,L,Prelim Roughly traced,ol_intrinsic,L2,VFB_jrmc2eyb,,,,,,,,,,,,,,,,,,,,,,,,,Traced,True,4
10.0,14.0,53260,L2,10350.0,L2_L,L,Prelim Roughly traced,ol_intrinsic,L2,VFB_jrmc2eym,,,,,,,,,,,,,,,,,,,,,,,,,Traced,True,4
28.0,39.0,53322,L2,10350.0,L2_R,R,Roughly traced,ol_intrinsic,L2,VFB_jrmc2ft2,,,,,,,,,,,,,,,,,,,,,,,[ 6186 20562 32110],,Traced,True,3
12.0,14.0,53489,L2,10350.0,L2_L,L,Prelim Roughly traced,ol_intrinsic,L2,VFB_jrmc2ftn,,,,,,,,,,,,,,,,,,,,,,,,,Traced,True,4
15.0,5.0,53883,L2,10350.0,L2_L,L,Prelim Roughly traced,ol_intrinsic,L2,VFB_jrmc2g6u,,,,,,,,,,,,,,,,,,,,,,,,,Traced,True,3
29.0,15.0,53927,L2,10350.0,L2_R,R,Roughly traced,ol_intrinsic,L2,VFB_jrmc2fbd,,,,,,,,,,,,,,,,,,,,,,,,,Traced,True,3
3.0,8.0,54177,L2,10350.0,L2_L,L,Prelim Roughly traced,ol_intrinsic,L2,VFB_jrmc2g31,,,,,,,,,,,,,,,,,,,,,,,,,Traced,True,4
23.0,37.0,54181,L2,10350.0,L2_R,R,Roughly traced,ol_intrinsic,L2,VFB_jrmc2fcx,,,,,,,,,,,,,,,,,,,,,,,[ 4183 25356 32156],,Traced,True,3
8.0,4.0,54508,L2,10350.0,L2_R,R,Roughly traced,ol_intrinsic,L2,VFB_jrmc2fpg,,,,,,,,,,,,,,,,,,,,,,,[19504 50880 33817],,Traced,True,4
34.0,22.0,54839,L2,10350.0,L2_R,R,Roughly traced,ol_intrinsic,L2,VFB_jrmc2g73,,,,,,,,,,,,,,,,,,,,,,,,,Traced,True,4
21.0,7.0,54924,L2,10350.0,L2_L,L,Prelim Roughly traced,ol_intrinsic,L2,VFB_jrmc2f52,,,,,,,,,,,,,,,,,,,,,,,,,Traced,True,3
,,55236,L2,10350.0,L2_L,L,Reviewed,ol_intrinsic,L2,VFB_jrmc2eut,,,,,,,,,,,,,,,,,,,,,,,[79698 21012 19758],,Traced,True,3
12.0,7.0,55477,L2,10350.0,L2_L,L,Prelim Roughly traced,ol_intrinsic,L2,VFB_jrmc2fs6,,,,,,,,,,,,,,,,,,,,,,,,,Traced,True,4
29.0,16.0,55699,L2,10350.0,L2_L,L,Reviewed,ol_intrinsic,L2,VFB_jrmc2g1r,,,,,,,,,,,,,,,,,,,,,,,,,Traced,True,4
12.0,13.0,55897,L2,10350.0,L2_L,L,Prelim Roughly traced,ol_intrinsic,L2,VFB_jrmc2fzn,,,,,,,,,,,,,,,,,,,,,,,,,Traced,True,4
35.0,33.0,56005,L2,10350.0,L2_R,R,Roughly traced,ol_intrinsic,L2,VFB_jrmc2f1b,,,,,,,,,,,,,,,,,,,,,,,,,Traced,True,3
9.0,3.0,56109,L2,10350.0,L2_R,R,Roughly traced,ol_intrinsic,L2,VFB_jrmc2fg6,,,,,,,,,,,,,,,,,,,,,,,,,Traced,True,4
25.0,10.0,56150,L2,10350.0,L2_R,R,Roughly traced,ol_intrinsic,L2,VFB_jrmc2fiq,,,,,,,,,,,,,,,,,,,,,,,,,Traced,True,3
2.0,7.0,56197,L2,10350.0,L2_L,L,Prelim Roughly traced,ol_intrinsic,L2,VFB_jrmc2euj,,,,,,,,,,,,,,,,,,,,,,,,,Traced,True,3
33.0,20.0,56520,L2,10350.0,L2_L,L,Prelim Roughly traced,ol_intrinsic,L2,VFB_jrmc2fac,,,,,,,,,,,,,,,,,,,,,,,,,Traced,True,4
19.0,7.0,56729,L2,10350.0,L2_L,L,Prelim Roughly traced,ol_intrinsic,L2,VFB_jrmc2fpw,,,,,,,,,,,,,,,,,,,,,,,,,Traced,True,4
8.0,11.0,56937,L2,10350.0,L2_L,L,Prelim Roughly traced,ol_intrinsic,L2,VFB_jrmc2fvb,,,,,,,,,,,,,,,,,,,,,,,,,Traced,True,4
12.0,15.0,56989,L2,10350.0,L2_L,L,Prelim Roughly traced,ol_intrinsic,L2,VFB_jrmc2f9y,,,,,,,,,,,,,,,,,,,,,,,,,Traced,True,4
29.0,15.0,57010,L2,10350.0,L2_L,L,Prelim Roughly traced,ol_intrinsic,L2,VFB_jrmc2f9v,,,,,,,,,,,,,,,,,,,,,,,,,Traced,True,3
27.0,12.0,57185,L2,10350.0,L2_R,R,Roughly traced,ol_intrinsic,L2,VFB_jrmc2g1o,,,,,,,,,,,,,,,,,,,,,,,,,Traced,True,3
3.0,6.0,57301,L2,10350.0,L2_R,R,Roughly traced,ol_intrinsic,L2,VFB_jrmc2f4h,,,,,,,,,,,,,,,,,,,,,,,,,Traced,True,4
11.0,7.0,57310,L2,10350.0,L2_L,L,Prelim Roughly traced,ol_intrinsic,L2,VFB_jrmc2exu,,,,,,,,,,,,,,,,,,,,,,,,,Traced,True,4
22.0,7.0,57990,L2,10350.0,L2_R,R,Roughly traced,ol_intrinsic,L2,VFB_jrmc2fts,,,,,,,,,,,,,,,,,,,,,,,,,Traced,True,4
11.0,10.0,58109,L2,10350.0,L2_L,L,Prelim Roughly traced,ol_intrinsic,L2,VFB_jrmc2flc,,,,,,,,,,,,,,,,,,,,,,,,,Traced,True,3
15.0,4.0,58563,L2,10350.0,L2_L,L,Prelim Roughly traced,ol_intrinsic,L2,VFB_jrmc2ew1,,,,,,,,,,,,,,,,,,,,,,,,,Traced,True,4
15.0,2.0,58832,L2,10350.0,L2_R,R,Roughly traced,ol_intrinsic,L2,VFB_jrmc2fce,,,,,,,,,,,,,,,,,,,,,,,,,Traced,True,4
15.0,13.0,59169,L2,10350.0,L2_L,L,Prelim Roughly traced,ol_intrinsic,L2,VFB_jrmc2ez6,,,,,,,,,,,,,,,,,,,,,,,,,Traced,True,3
9.0,10.0,59392,L2,10350.0,L2_L,L,Prelim Roughly traced,ol_intrinsic,L2,VFB_jrmc2fuh,,,,,,,,,,,,,,,,,,,,,,,,,Traced,True,4
6.0,21.0,59687,L2,10350.0,L2_R,R,Roughly traced,ol_intrinsic,L2,VFB_jrmc2fs1,,,,,,,,,,,,,,,,,,,,,,,,,Traced,True,3
7.0,5.0,59895,L2,10350.0,L2_R,R,Roughly traced,ol_intrinsic,L2,VFB_jrmc2fvi,,,,,,,,,,,,,,,,,,,,,,,,,Traced,True,4
11.0,8.0,59899,L2,10350.0,L2_R,R,Roughly traced,ol_intrinsic,L2,VFB_jrmc2fiu,,,,,,,,,,,,,,,,,,,,,,,,,Traced,True,3
20.0,7.0,59905,L2,10350.0,L2_L,L,Prelim Roughly traced,ol_intrinsic,L2,VFB_jrmc2g55,,,,,,,,,,,,,,,,,,,,,,,,,Traced,True,4
32.0,26.0,60220,L2,10350.0,L2_L,L,Prelim Roughly traced,ol_intrinsic,L2,VFB_jrmc2fs0,,,,,,,,,,,,,,,,,,,,,,,[81956 22124 19795],,Traced,True,4
31.0,16.0,60324,L2,10350.0,L2_R,R,Roughly traced,ol_intrinsic,L2,VFB_jrmc2fwu,,,,,,,,,,,,,,,,,,,,,,,,,Traced,True,4
34.0,21.0,60442,L2,10350.0,L2_R,R,Roughly traced,ol_intrinsic,L2,VFB_jrmc2fs3,,,,,,,,,,,,,,,,,,,,,,,,,Traced,True,4
36.0,35.0,60776,L2,10350.0,L2_R,R,Roughly traced,ol_intrinsic,L2,VFB_jrmc2ezj,,,,,,,,,,,,,,,,,,,,,,,[14328 18328 24908],,Traced,True,3
3.0,15.0,60811,L2,10350.0,L2_R,R,Roughly traced,ol_intrinsic,L2,VFB_jrmc2f4q,,,,,,,,,,,,,,,,,,,,,,,,,Traced,True,3
5.0,19.0,61217,L2,10350.0,L2_L,L,Prelim Roughly traced,ol_intrinsic,L2,VFB_jrmc2f1v,,,,,,,,,,,,,,,,,,,,,,,,,Traced,True,3
12.0,6.0,61447,L2,10350.0,L2_L,L,Prelim Roughly traced,ol_intrinsic,L2,VFB_jrmc2fi0,,,,,,,,,,,,,,,,,,,,,,,,,Traced,True,3
28.0,13.0,61901,L2,10350.0,L2_R,R,Roughly traced,ol_intrinsic,L2,VFB_jrmc2fki,,,,,,,,,,,,,,,,,,,,,,,,,Traced,True,4
4.0,7.0,62231,L2,10350.0,L2_L,L,Prelim Roughly traced,ol_intrinsic,L2,VFB_jrmc2fro,,,,,,,,,,,,,,,,,,,,,,,,,Traced,True,4
13.0,13.0,62337,L2,10350.0,L2_L,L,Reviewed,ol_intrinsic,L2,VFB_jrmc2fuc,,,,,,,,,,,,,,,,,,,,,,,,,Traced,True,3
4.0,6.0,62668,L2,10350.0,L2_L,L,Prelim Roughly traced,ol_intrinsic,L2,VFB_jrmc2f61,,,,,,,,,,,,,,,,,,,,,,,,,Traced,True,3
8.0,3.0,63316,L2,10350.0,L2_R,R,Roughly traced,ol_intrinsic,L2,VFB_jrmc2fgb,,,,,,,,,,,,,,,,,,,,,,,,,Traced,True,4
2.0,8.0,63386,L2,10350.0,L2_R,R,Roughly traced,ol_intrinsic,L2,VFB_jrmc2fxi,,,,,,,,,,,,,,,,,,,,,,,,,Traced,True,3
13.0,3.0,63387,L2,10350.0,L2_L,L,Prelim Roughly traced,ol_intrinsic,L2,VFB_jrmc2fep,,,,,,,,,,,,,,,,,,,,,,,,,Traced,True,3
3.0,7.0,63791,L2,10350.0,L2_L,L,Prelim Roughly traced,ol_intrinsic,L2,VFB_jrmc2fif,,,,,,,,,,,,,,,,,,,,,,,,,Traced,True,4
7.0,4.0,63860,L2,10350.0,L2_R,R,Roughly traced,ol_intrinsic,L2,VFB_jrmc2fu4,,,,,,,,,,,,,,,,,,,,,,,,,Traced,True,3
21.0,8.0,64380,L2,10350.0,L2_L,L,Prelim Roughly traced,ol_intrinsic,L2,VFB_jrmc2g6o,,,,,,,,,,,,,,,,,,,,,,,,,Traced,True,3
21.0,6.0,64810,L2,10350.0,L2_R,R,Roughly traced,ol_intrinsic,L2,VFB_jrmc2fx2,,,,,,,,,,,,,,,,,,,,,,,,,Traced,True,3
2.0,11.0,65277,L2,10350.0,L2_R,R,Roughly traced,ol_intrinsic,L2,VFB_jrmc2evk,,,,,,,,,,,,,,,,,,,,,,,,,Traced,True,3
28.0,13.0,65474,L2,10350.0,L2_L,L,Prelim Roughly traced,ol_intrinsic,L2,VFB_jrmc2fs8,,,,,,,,,,,,,,,,,,,,,,,,,Traced,True,4
8.0,20.0,66052,L2,10350.0,L2_R,R,Roughly traced,ol_intrinsic,L2,VFB_jrmc2fc3,,,,,,,,,,,,,,,,,,,,,,,,,Traced,True,3
33.0,38.0,66696,L2,10350.0,L2_R,R,Roughly traced,ol_intrinsic,L2,VFB_jrmc2g28,,,,,,,,,,,,,,,,,,,,,,,,,Traced,True,3
7.0,6.0,67149,L2,10350.0,L2_L,L,Prelim Roughly traced,ol_intrinsic,L2,VFB_jrmc2f1y,,,,,,,,,,,,,,,,,,,,,,,,,Traced,True,4
6.0,4.0,67448,L2,10350.0,L2_L,L,Prelim Roughly traced,ol_intrinsic,L2,VFB_jrmc2ex8,,,,,,,,,,,,,,,,,,,,,,,,,Traced,True,4
4.0,17.0,67610,L2,10350.0,L2_L,L,Prelim Roughly traced,ol_intrinsic,L2,VFB_jrmc2f23,,,,,,,,,,,,,,,,,,,,,,,,,Traced,True,3
7.0,21.0,67688,L2,10350.0,L2_R,R,Roughly traced,ol_intrinsic,L2,VFB_jrmc2fw6,,,,,,,,,,,,,,,,,,,,,,,,,Traced,True,3
9.0,8.0,67943,L2,10350.0,L2_L,L,Prelim Roughly traced,ol_intrinsic,L2,VFB_jrmc2f5e,,,,,,,,,,,,,,,,,,,,,,,,,Traced,True,4
29.0,14.0,68087,L2,10350.0,L2_L,L,Prelim Roughly traced,ol_intrinsic,L2,VFB_jrmc2f82,,,,,,,,,,,,,,,,,,,,,,,,,Traced,True,3
5.0,5.0,68311,L2,10350.0,L2_R,R,Roughly traced,ol_intrinsic,L2,VFB_jrmc2fza,,,,,,,,,,,,,,,,,,,,,,,,,Traced,True,4
19.0,4.0,68327,L2,10350.0,L2_R,R,Roughly traced,ol_intrinsic,L2,VFB_jrmc2fyy,,,,,,,,,,,,,,,,,,,,,,,,,Traced,True,4
26.0,11.0,68675,L2,10350.0,L2_R,R,Roughly traced,ol_intrinsic,L2,VFB_jrmc2ffc,,,,,,,,,,,,,,,,,,,,,,,,,Traced,True,3
7.0,3.0,68733,L2,10350.0,L2_R,R,Roughly traced,ol_intrinsic,L2,VFB_jrmc2ezy,,,,,,,,,,,,,,,,,,,,,,,,,Traced,True,4
26.0,29.0,69962,L2,10350.0,L2_L,L,Prelim Roughly traced,ol_intrinsic,L2,VFB_jrmc2fsi,,,,,,,,,,,,,,,,,,,,,,,,,Traced,True,3
11.0,13.0,70180,L2,10350.0,L2_L,L,Prelim Roughly traced,ol_intrinsic,L2,VFB_jrmc2f9r,,,,,,,,,,,,,,,,,,,,,,,,,Traced,True,4
33.0,21.0,70355,L2,10350.0,L2_L,L,Prelim Roughly traced,ol_intrinsic,L2,VFB_jrmc2ey5,,,,,,,,,,,,,,,,,,,,,,,[79678 25538 18490],,Traced,True,4
2.0,8.0,70493,L2,10350.0,L2_L,L,Prelim Roughly traced,ol_intrinsic,L2,VFB_jrmc2fj6,,,,,,,,,,,,,,,,,,,,,,,,,Traced,True,4
13.0,2.0,70811,L2,10350.0,L2_R,R,Roughly traced,ol_intrinsic,L2,VFB_jrmc2fz6,,,,,,,,,,,,,,,,,,,,,,,,,Traced,True,4
2.0,7.0,71059,L2,10350.0,L2_R,R,Roughly traced,ol_intrinsic,L2,VFB_jrmc2fd4,,,,,,,,,,,,,,,,,,,,,,,,,Traced,True,3
10.0,2.0,71109,L2,10350.0,L2_L,L,Prelim Roughly traced,ol_intrinsic,L2,VFB_jrmc2foz,,,,,,,,,,,,,,,,,,,,,,,,,Traced,True,4
9.0,2.0,71598,L2,10350.0,L2_R,R,Roughly traced,ol_intrinsic,L2,VFB_jrmc2fsb,,,,,,,,,,,,,,,,,,,,,,,,,Traced,True,4
30.0,15.0,73435,L2,10350.0,L2_R,R,Roughly traced,ol_intrinsic,L2,VFB_jrmc2fzk,,,,,,,,,,,,,,,,,,,,,,,,,Traced,True,4
6.0,16.0,73965,L2,10350.0,L2_R,R,Roughly traced,ol_intrinsic,L2,VFB_jrmc2f9n,,,,,,,,,,,,,,,,,,,,,,,,,Traced,True,3
2.0,10.0,74204,L2,10350.0,L2_L,L,Prelim Roughly traced,ol_intrinsic,L2,VFB_jrmc2g1q,,,,,,,,,,,,,,,,,,,,,,,,,Traced,True,4
5.0,4.0,75111,L2,10350.0,L2_R,R,Roughly traced,ol_intrinsic,L2,VFB_jrmc2fzw,,,,,,,,,,,,,,,,,,,,,,,,,Traced,True,4
2.0,12.0,75482,L2,10350.0,L2_R,R,Roughly traced,ol_intrinsic,L2,VFB_jrmc2g6p,,,,,,,,,,,,,,,,,,,,,,,,,Traced,True,3
3.0,14.0,77050,L2,10350.0,L2_L,L,Prelim Roughly traced,ol_intrinsic,L2,VFB_jrmc2eve,,,,,,,,,,,,,,,,,,,,,,,,,Traced,True,3
23.0,8.0,77128,L2,10350.0,L2_L,L,Reviewed,ol_intrinsic,L2,VFB_jrmc2eyq,,,,,,,,,,,,,,,,,,,,,,,,,Traced,True,4
27.0,11.0,77495,L2,10350.0,L2_R,R,Roughly traced,ol_intrinsic,L2,VFB_jrmc2fyd,,,,,,,,,,,,,,,,,,,,,,,,,Traced,True,3
8.0,2.0,78714,L2,10350.0,L2_R,R,Roughly traced,ol_intrinsic,L2,VFB_jrmc2g0u,,,,,,,,,,,,,,,,,,,,,,,,,Traced,True,4
26.0,11.0,79410,L2,10350.0,L2_L,L,Prelim Roughly traced,ol_intrinsic,L2,VFB_jrmc2f3j,,,,,,,,,,,,,,,,,,,,,,,,,Traced,True,4
1.0,8.0,80370,L2,10350.0,L2_R,R,Roughly traced,ol_intrinsic,L2,VFB_jrmc2fi4,,,,,,,,,,,,,,,,,,,,,,,,,Traced,True,4
11.0,6.0,81140,L2,10350.0,L2_L,L,Prelim Roughly traced,ol_intrinsic,L2,VFB_jrmc2f5b,,,,,,,,,,,,,,,,,,,,,,,,,Traced,True,4
4.0,5.0,81191,L2,10350.0,L2_L,L,Prelim Roughly traced,ol_intrinsic,L2,VFB_jrmc2g5a,,,,,,,,,,,,,,,,,,,,,,,,,Traced,True,4
6.0,3.0,82058,L2,10350.0,L2_R,R,Roughly traced,ol_intrinsic,L2,VFB_jrmc2fov,,,,,,,,,,,,,,,,,,,,,,,,,Traced,True,4
23.0,9.0,82364,L2,10350.0,L2_L,L,Prelim Roughly traced,ol_intrinsic,L2,VFB_jrmc2g6t,,,,,,,,,,,,,,,,,,,,,,,,,Traced,True,4
33.0,19.0,84062,L2,10350.0,L2_R,R,Roughly traced,ol_intrinsic,L2,VFB_jrmc2fyr,,,,,,,,,,,,,,,,,,,,,,,,,Traced,True,3
5.0,3.0,85842,L2,10350.0,L2_R,R,Roughly traced,ol_intrinsic,L2,VFB_jrmc2g39,,,,,,,,,,,,,,,,,,,,,,,,,Traced,True,4
12.0,2.0,86364,L2,10350.0,L2_L,L,Prelim Roughly traced,ol_intrinsic,L2,VFB_jrmc2f5n,,,,,,,,,,,,,,,,,,,,,,,,,Traced,True,4
2.0,10.0,87031,L2,10350.0,L2_R,R,Roughly traced,ol_intrinsic,L2,VFB_jrmc2g74,,,,,,,,,,,,,,,,,,,,,,,,,Traced,True,3
2.0,13.0,87871,L2,10350.0,L2_R,R,Roughly traced,ol_intrinsic,L2,VFB_jrmc2g29,,,,,,,,,,,,,,,,,,,,,,,,,Traced,True,3
6.0,2.0,89507,L2,10350.0,L2_L,L,Prelim Roughly traced,ol_intrinsic,L2,VFB_jrmc2exi,,,,,,,,,,,,,,,,,,,,,,,,,Traced,True,4
1.0,10.0,90255,L2,10350.0,L2_L,L,Reviewed,ol_intrinsic,L2,VFB_jrmc2f21,,,,,,,,,,,,,,,,,,,,,,,,,Traced,True,4
3.0,5.0,91773,L2,10350.0,L2_R,R,Roughly traced,ol_intrinsic,L2,VFB_jrmc2g36,,,,,,,,,,,,,,,,,,,,,,,,,Traced,True,4
7.0,2.0,91871,L2,10350.0,L2_R,R,Roughly traced,ol_intrinsic,L2,VFB_jrmc2fcb,,,,,,,,,,,,,,,,,,,,,,,,,Traced,True,4
2.0,6.0,91958,L2,10350.0,L2_L,L,Prelim Roughly traced,ol_intrinsic,L2,VFB_jrmc2fub,,,,,,,,,,,,,,,,,,,,,,,,,Traced,True,4
1.0,10.0,95973,L2,10350.0,L2_R,R,Roughly traced,ol_intrinsic,L2,VFB_jrmc2f1d,,,,,,,,,,,,,,,,,,,,,,,,,Traced,True,3
14.0,2.0,96190,L2,10350.0,L2_R,R,Roughly traced,ol_intrinsic,L2,VFB_jrmc2fe4,,,,,,,,,,,,,,,,,,,,,,,,,Traced,True,4
13.0,1.0,96895,L2,10350.0,L2_R,R,Roughly traced,ol_intrinsic,L2,VFB_jrmc2g7g,,,,,,,,,,,,,,,,,,,,,,,,,Traced,True,4
24.0,9.0,97507,L2,10350.0,L2_L,L,Reviewed,ol_intrinsic,L2,VFB_jrmc2fdd,,,,,,,,,,,,,,,,,,,,,,,,,Traced,True,4
10.0,1.0,97977,L2,10350.0,L2_R,R,Roughly traced,ol_intrinsic,L2,VFB_jrmc2fst,,,,,,,,,,,,,,,,,,,,,,,,,Traced,True,4
17.0,3.0,98356,L2,10350.0,L2_L,L,Prelim Roughly traced,ol_intrinsic,L2,VFB_jrmc2fsf,,,,,,,,,,,,,,,,,,,,,,,,,Traced,True,4
3.0,5.0,102550,L2,10350.0,L2_L,L,Prelim Roughly traced,ol_intrinsic,L2,VFB_jrmc2evo,,,,,,,,,,,,,,,,,,,,,,,,,Traced,True,4
2.0,6.0,102679,L2,10350.0,L2_R,R,Roughly traced,ol_intrinsic,L2,VFB_jrmc2g4b,,,,,,,,,,,,,,,,,,,,,,,,,Traced,True,3
33.0,19.0,104217,L2,10350.0,L2_L,L,Prelim Roughly traced,ol_intrinsic,L2,VFB_jrmc2ezg,,,,,,,,,,,,,,,,,,,,,,,[79682 26640 18716],,Traced,True,4
3.0,4.0,104423,L2,10350.0,L2_R,R,Roughly traced,ol_intrinsic,L2,VFB_jrmc2fj0,,,,,,,,,,,,,,,,,,,,,,,,,Traced,True,4
1.0,8.0,105573,L2,10350.0,L2_L,L,Reviewed,ol_intrinsic,L2,VFB_jrmc2ft9,,,,,,,,,,,,,,,,,,,,,,,,,Traced,True,4
9.0,1.0,107398,L2,10350.0,L2_R,R,Roughly traced,ol_intrinsic,L2,VFB_jrmc2fal,,,,,,,,,,,,,,,,,,,,,,,,,Traced,True,4
26.0,13.0,110357,L2,10350.0,L2_R,R,Roughly traced,ol_intrinsic,L2,VFB_jrmc2fdi,,,,,,,,,,,,,,,,,,,,,,,,,Traced,True,4
20.0,5.0,110511,L2,10350.0,L2_L,L,Prelim Roughly traced,ol_intrinsic,L2,VFB_jrmc2fxx,,,,,,,,,,,,,,,,,,,,,,,,,Traced,True,4
1.0,7.0,110883,L2,10350.0,L2_R,R,Roughly traced,ol_intrinsic,L2,VFB_jrmc2f6e,,,,,,,,,,,,,,,,,,,,,,,,,Traced,True,4
4.0,3.0,112557,L2,10350.0,L2_R,R,Roughly traced,ol_intrinsic,L2,VFB_jrmc2f6n,,,,,,,,,,,,,,,,,,,,,,,,,Traced,True,4
5.0,2.0,113727,L2,10350.0,L2_R,R,Roughly traced,ol_intrinsic,L2,VFB_jrmc2fwv,,,,,,,,,,,,,,,,,,,,,,,,,Traced,True,3
31.0,16.0,116620,L2,10350.0,L2_L,L,Prelim Roughly traced,ol_intrinsic,L2,VFB_jrmc2fm4,,,,,,,,,,,,,,,,,,,,,,,,,Traced,True,3
,,116654,L2,10350.0,L2_L,L,Prelim Roughly traced,ol_intrinsic,L2,VFB_jrmc2fnj,,,,,,,,,,,,,,,,,,,,,,,,,Traced,True,4
12.0,1.0,116963,L2,10350.0,L2_R,R,Roughly traced,ol_intrinsic,L2,VFB_jrmc2ewg,,,,,,,,,,,,,,,,,,,,,,,,,Traced,True,3
21.0,6.0,117939,L2,10350.0,L2_L,L,Prelim Roughly traced,ol_intrinsic,L2,VFB_jrmc2fjc,,,,,,,,,,,,,,,,,,,,,,,,,Traced,True,4
1.0,7.0,118186,L2,10350.0,L2_L,L,Prelim Roughly traced,ol_intrinsic,L2,VFB_jrmc2eyj,,,,,,,,,,,,,,,,,,,,,,,,,Traced,True,4
7.0,1.0,120667,L2,10350.0,L2_R,R,Roughly traced,ol_intrinsic,L2,VFB_jrmc2fx3,,,,,,,,,,,,,,,,,,,,,,,,,Traced,True,4
28.0,16.0,121428,L2,10350.0,L2_L,L,Reviewed,ol_intrinsic,L2,VFB_jrmc2fdm,,,,,,,,,,,,,,,,,,,,,,,,,Traced,True,4
7.0,2.0,123060,L2,10350.0,L2_L,L,Prelim Roughly traced,ol_intrinsic,L2,VFB_jrmc2ezr,,,,,,,,,,,,,,,,,,,,,,,,,Traced,True,4
8.0,1.0,124450,L2,10350.0,L2_R,R,Roughly traced,ol_intrinsic,L2,VFB_jrmc2f5q,,,,,,,,,,,,,,,,,,,,,,,,,Traced,True,4
,,128510,L2,10350.0,L2_L,L,Prelim Roughly traced,ol_intrinsic,L2,VFB_jrmc2fpq,,,,,,,,,,,,,,,,,,,,,,,,,Traced,True,4
6.0,1.0,129847,L2,10350.0,L2_L,L,Prelim Roughly traced,ol_intrinsic,L2,VFB_jrmc2fg2,,,,,,,,,,,,,,,,,,,,,,,,,Traced,True,4
6.0,1.0,142992,L2,10350.0,L2_R,R,Roughly traced,ol_intrinsic,L2,VFB_jrmc2ewm,,,,,,,,,,,,,,,,,,,,,,,,,Traced,True,4
2.0,5.0,153022,L2,10350.0,L2_R,R,Roughly traced,ol_intrinsic,L2,VFB_jrmc2g3r,,,,,,,,,,,,,,,,,,,,,,,,,Traced,True,4
6.0,2.0,160837,L2,10350.0,L2_R,R,Roughly traced,ol_intrinsic,L2,VFB_jrmc2ff8,,,,,,,,,,,,,,,,,,,,,,,,,Traced,True,4
2.0,11.0,172580,L2,10350.0,L2_L,L,Prelim Roughly traced,ol_intrinsic,L2,VFB_jrmc2f1s,,,,,,,,,,,,,,,,,,,,,,,,,Traced,True,4
,,182847,L2,10350.0,L2_L,L,Reviewed,ol_intrinsic,L2,VFB_jrmc2fmb,,,,,,,,,,,,,,,,,,,,,,,,,Traced,True,4
32.0,18.0,192503,L2,10350.0,L2_L,L,Reviewed,ol_intrinsic,L2,VFB_jrmc2g2b,,,,,,,,,,,,,,,,,,,,,,,,,Traced,True,4
26.0,36.0,244826,L2,10350.0,L2_R,R,Roughly traced,ol_intrinsic,L2,VFB_jrmc2f60,,,,,,,,,,,,,,,,,,,,,,,,,Traced,True,3
26.0,12.0,245630,L2,10350.0,L2_L,L,Reviewed,ol_intrinsic,L2,VFB_jrmc2fnk,,,,,,,,,,,,,,,,,,,,,,,,,Traced,True,4
24.0,34.0,362664,L2,10350.0,L2_R,R,Roughly traced,ol_intrinsic,L2,VFB_jrmc2ev5,,,,,,,,,,,,,,,,,,,,,,,,,Traced,True,3
26.0,24.0,373497,L2,10350.0,L2_R,R,Roughly traced,ol_intrinsic,L2,VFB_jrmc2fe7,,,,,,,,,,,,,,,,,,,,,,,[11294 28782 25829],,Traced,True,3
27.0,14.0,380119,L2,10350.0,L2_L,L,Reviewed,ol_intrinsic,L2,VFB_jrmc2g3v,,,,,,,,,,,,,,,,,,,,,,,,,Traced,True,4
27.0,15.0,381531,L2,10350.0,L2_L,L,Reviewed,ol_intrinsic,L2,VFB_jrmc2g3a,,,,,,,,,,,,,,,,,,,,,,,,,Traced,True,4
31.0,18.0,386156,L2,10350.0,L2_L,L,Prelim Roughly traced,ol_intrinsic,L2,VFB_jrmc2fp1,,,,,,,,,,,,,,,,,,,,,,,,,Traced,True,4
30.0,17.0,417388,L2,10350.0,L2_L,L,Reviewed,ol_intrinsic,L2,VFB_jrmc2fq7,,,,,,,,,,,,,,,,,,,,,,,,,Traced,True,4
27.0,33.0,505727,L2,10350.0,L2_R,R,Roughly traced,ol_intrinsic,L2,VFB_jrmc2fqk,,,,,,,,,,,,,,,,,,,,,,,,,Traced,True,3
15.0,27.0,512054,L2,10350.0,L2_L,L,Prelim Roughly traced,ol_intrinsic,L2,VFB_jrmc2g6c,,,,,,,,,,,,,,,,,,,,,,,,,Traced,True,3
19.0,13.0,512097,L2,10350.0,L2_L,L,Prelim Roughly traced,ol_intrinsic,L2,VFB_jrmc2fm1,,,,,,,,,,,,,,,,,,,,,,,,,Traced,True,4
18.0,14.0,512100,L2,10350.0,L2_L,L,Prelim Roughly traced,ol_intrinsic,L2,VFB_jrmc2g7l,,,,,,,,,,,,,,,,,,,,,,,,,Traced,True,3
11.0,21.0,512101,L2,10350.0,L2_L,L,Prelim Roughly traced,ol_intrinsic,L2,VFB_jrmc2fyz,,,,,,,,,,,,,,,,,,,,,,,,,Traced,True,3
14.0,30.0,512128,L2,10350.0,L2_L,L,Prelim Roughly traced,ol_intrinsic,L2,VFB_jrmc2f9b,,,,,,,,,,,,,,,,,,,,,,,,,Traced,True,3
23.0,28.0,512145,L2,10350.0,L2_L,L,Prelim Roughly traced,ol_intrinsic,L2,VFB_jrmc2f6r,,,,,,,,,,,,,,,,,,,,,,,,,Traced,True,3
6.0,17.0,512683,L2,10350.0,L2_L,L,Prelim Roughly traced,ol_intrinsic,L2,VFB_jrmc2f45,,,,,,,,,,,,,,,,,,,,,,,,,Traced,True,4
25.0,16.0,512710,L2,10350.0,L2_L,L,Prelim Roughly traced,ol_intrinsic,L2,VFB_jrmc2g0f,,,,,,,,,,,,,,,,,,,,,,,,,Traced,True,3
31.0,24.0,513180,L2,10350.0,L2_L,L,Prelim Roughly traced,ol_intrinsic,L2,VFB_jrmc2exa,,,,,,,,,,,,,,,,,,,,,,,,,Traced,True,3
28.0,34.0,513268,L2,10350.0,L2_L,L,Prelim Roughly traced,ol_intrinsic,L2,VFB_jrmc2fca,,,,,,,,,,,,,,,,,,,,,,,,,Traced,True,3
24.0,24.0,513289,L2,10350.0,L2_L,L,Prelim Roughly traced,ol_intrinsic,L2,VFB_jrmc2flb,,,,,,,,,,,,,,,,,,,,,,,,,Traced,True,4
24.0,25.0,513290,L2,10350.0,L2_L,L,Prelim Roughly traced,ol_intrinsic,L2,VFB_jrmc2fgw,,,,,,,,,,,,,,,,,,,,,,,,,Traced,True,4
17.0,14.0,513596,L2,10350.0,L2_L,L,Prelim Roughly traced,ol_intrinsic,L2,VFB_jrmc2f4o,,,,,,,,,,,,,,,,,,,,,,,,,Traced,True,4
3.0,15.0,513882,L2,10350.0,L2_L,L,Reviewed,ol_intrinsic,L2,VFB_jrmc2eui,,,,,,,,,,,,,,,,,,,,,,,,,Traced,True,3
22.0,10.0,513954,L2,10350.0,L2_L,L,Prelim Roughly traced,ol_intrinsic,L2,VFB_jrmc2ftj,,,,,,,,,,,,,,,,,,,,,,,,,Traced,True,4
22.0,23.0,514057,L2,10350.0,L2_L,L,Prelim Roughly traced,ol_intrinsic,L2,VFB_jrmc2f4a,,,,,,,,,,,,,,,,,,,,,,,,,Traced,True,4
18.0,28.0,514224,L2,10350.0,L2_L,L,Prelim Roughly traced,ol_intrinsic,L2,VFB_jrmc2g58,,,,,,,,,,,,,,,,,,,,,,,,,Traced,True,3
12.0,12.0,514241,L2,10350.0,L2_L,L,Prelim Roughly traced,ol_intrinsic,L2,VFB_jrmc2g1j,,,,,,,,,,,,,,,,,,,,,,,,,Traced,True,4
21.0,27.0,514448,L2,10350.0,L2_L,L,Prelim Roughly traced,ol_intrinsic,L2,VFB_jrmc2fis,,,,,,,,,,,,,,,,,,,,,,,,,Traced,True,3
20.0,24.0,514737,L2,10350.0,L2_L,L,Prelim Roughly traced,ol_intrinsic,L2,VFB_jrmc2fwe,,,,,,,,,,,,,,,,,,,,,,,,,Traced,True,4
17.0,17.0,514885,L2,10350.0,L2_L,L,Prelim Roughly traced,ol_intrinsic,L2,VFB_jrmc2ez7,,,,,,,,,,,,,,,,,,,,,,,,,Traced,True,4
23.0,32.0,514912,L2,10350.0,L2_L,L,Prelim Roughly traced,ol_intrinsic,L2,VFB_jrmc2fkt,,,,,,,,,,,,,,,,,,,,,,,,,Traced,True,3
25.0,36.0,514968,L2,10350.0,L2_L,L,Prelim Roughly traced,ol_intrinsic,L2,VFB_jrmc2g35,,,,,,,,,,,,,,,,,,,,,,,,,Traced,True,3
7.0,7.0,515147,L2,10350.0,L2_L,L,Prelim Roughly traced,ol_intrinsic,L2,VFB_jrmc2fkq,,,,,,,,,,,,,,,,,,,,,,,,,Traced,True,4
13.0,14.0,515154,L2,10350.0,L2_L,L,Prelim Roughly traced,ol_intrinsic,L2,VFB_jrmc2g2r,,,,,,,,,,,,,,,,,,,,,,,,,Traced,True,4
19.0,22.0,515207,L2,10350.0,L2_L,L,Prelim Roughly traced,ol_intrinsic,L2,VFB_jrmc2fcf,,,,,,,,,,,,,,,,,,,,,,,,,Traced,True,4
19.0,26.0,515264,L2,10350.0,L2_L,L,Prelim Roughly traced,ol_intrinsic,L2,VFB_jrmc2fk3,,,,,,,,,,,,,,,,,,,,,,,,,Traced,True,3
12.0,31.0,515279,L2,10350.0,L2_L,L,Prelim Roughly traced,ol_intrinsic,L2,VFB_jrmc2fqx,,,,,,,,,,,,,,,,,,,,,,,,,Traced,True,3
12.0,8.0,515467,L2,10350.0,L2_L,L,Prelim Roughly traced,ol_intrinsic,L2,VFB_jrmc2fmd,,,,,,,,,,,,,,,,,,,,,,,,,Traced,True,3
12.0,22.0,515485,L2,10350.0,L2_L,L,Prelim Roughly traced,ol_intrinsic,L2,VFB_jrmc2fwq,,,,,,,,,,,,,,,,,,,,,,,,,Traced,True,3
20.0,29.0,515496,L2,10350.0,L2_L,L,Prelim Roughly traced,ol_intrinsic,L2,VFB_jrmc2g10,,,,,,,,,,,,,,,,,,,,,,,,,Traced,True,3
26.0,30.0,515563,L2,10350.0,L2_L,L,Prelim Roughly traced,ol_intrinsic,L2,VFB_jrmc2g3c,,,,,,,,,,,,,,,,,,,,,,,,,Traced,True,3
11.0,8.0,516049,L2,10350.0,L2_L,L,Prelim Roughly traced,ol_intrinsic,L2,VFB_jrmc2eyp,,,,,,,,,,,,,,,,,,,,,,,,,Traced,True,4
13.0,16.0,516054,L2,10350.0,L2_L,L,Prelim Roughly traced,ol_intrinsic,L2,VFB_jrmc2fk5,,,,,,,,,,,,,,,,,,,,,,,,,Traced,True,4
22.0,20.0,516113,L2,10350.0,L2_L,L,Prelim Roughly traced,ol_intrinsic,L2,VFB_jrmc2fqh,,,,,,,,,,,,,,,,,,,,,,,,,Traced,True,4
8.0,7.0,516136,L2,10350.0,L2_L,L,Prelim Roughly traced,ol_intrinsic,L2,VFB_jrmc2f88,,,,,,,,,,,,,,,,,,,,,,,,,Traced,True,4
8.0,5.0,516137,L2,10350.0,L2_L,L,Prelim Roughly traced,ol_intrinsic,L2,VFB_jrmc2ewx,,,,,,,,,,,,,,,,,,,,,,,,,Traced,True,4
8.0,6.0,516138,L2,10350.0,L2_L,L,Prelim Roughly traced,ol_intrinsic,L2,VFB_jrmc2f6s,,,,,,,,,,,,,,,,,,,,,,,,,Traced,True,4
18.0,17.0,516410,L2,10350.0,L2_L,L,Prelim Roughly traced,ol_intrinsic,L2,VFB_jrmc2fh5,,,,,,,,,,,,,,,,,,,,,,,,,Traced,True,4
19.0,17.0,516477,L2,10350.0,L2_L,L,Prelim Roughly traced,ol_intrinsic,L2,VFB_jrmc2ez5,,,,,,,,,,,,,,,,,,,,,,,,,Traced,True,4
18.0,18.0,516478,L2,10350.0,L2_L,L,Prelim Roughly traced,ol_intrinsic,L2,VFB_jrmc2fhi,,,,,,,,,,,,,,,,,,,,,,,,,Traced,True,4
13.0,32.0,516582,L2,10350.0,L2_L,L,Prelim Roughly traced,ol_intrinsic,L2,VFB_jrmc2eyy,,,,,,,,,,,,,,,,,,,,,,,[92826 29031 30148],,Traced,True,3
25.0,17.0,516873,L2,10350.0,L2_L,L,Prelim Roughly traced,ol_intrinsic,L2,VFB_jrmc2g2a,,,,,,,,,,,,,,,,,,,,,,,,,Traced,True,3
27.0,17.0,516891,L2,10350.0,L2_L,L,Prelim Roughly traced,ol_intrinsic,L2,VFB_jrmc2fol,,,,,,,,,,,,,,,,,,,,,,,,,Traced,True,3
14.0,6.0,517053,L2,10350.0,L2_L,L,Prelim Roughly traced,ol_intrinsic,L2,VFB_jrmc2f0g,,,,,,,,,,,,,,,,,,,,,,,,,Traced,True,3
9.0,16.0,517125,L2,10350.0,L2_L,L,Prelim Roughly traced,ol_intrinsic,L2,VFB_jrmc2g6q,,,,,,,,,,,,,,,,,,,,,,,,,Traced,True,4
25.0,24.0,517170,L2,10350.0,L2_L,L,Prelim Roughly traced,ol_intrinsic,L2,VFB_jrmc2f6v,,,,,,,,,,,,,,,,,,,,,,,,,Traced,True,3
24.0,26.0,517175,L2,10350.0,L2_L,L,Prelim Roughly traced,ol_intrinsic,L2,VFB_jrmc2fjq,,,,,,,,,,,,,,,,,,,,,,,,,Traced,True,4
17.0,8.0,517366,L2,10350.0,L2_L,L,Prelim Roughly traced,ol_intrinsic,L2,VFB_jrmc2fsu,,,,,,,,,,,,,,,,,,,,,,,,,Traced,True,3
27.0,12.0,517566,L2,10350.0,L2_L,L,Reviewed,ol_intrinsic,L2,VFB_jrmc2f6y,,,,,,,,,,,,,,,,,,,,,,,,,Traced,True,4
7.0,3.0,517922,L2,10350.0,L2_L,L,Prelim Roughly traced,ol_intrinsic,L2,VFB_jrmc2fhr,,,,,,,,,,,,,,,,,,,,,,,,,Traced,True,4
19.0,27.0,517946,L2,10350.0,L2_L,L,Prelim Roughly traced,ol_intrinsic,L2,VFB_jrmc2fnr,,,,,,,,,,,,,,,,,,,,,,,,,Traced,True,3
19.0,21.0,518024,L2,10350.0,L2_L,L,Prelim Roughly traced,ol_intrinsic,L2,VFB_jrmc2fgc,,,,,,,,,,,,,,,,,,,,,,,,,Traced,True,4
23.0,21.0,518225,L2,10350.0,L2_L,L,Prelim Roughly traced,ol_intrinsic,L2,VFB_jrmc2f1g,,,,,,,,,,,,,,,,,,,,,,,,,Traced,True,4
21.0,31.0,518284,L2,10350.0,L2_L,L,Prelim Roughly traced,ol_intrinsic,L2,VFB_jrmc2f7w,,,,,,,,,,,,,,,,,,,,,,,,,Traced,True,3
22.0,31.0,518285,L2,10350.0,L2_L,L,Prelim Roughly traced,ol_intrinsic,L2,VFB_jrmc2g3x,,,,,,,,,,,,,,,,,,,,,,,,,Traced,True,3
17.0,30.0,518305,L2,10350.0,L2_L,L,Prelim Roughly traced,ol_intrinsic,L2,VFB_jrmc2g08,,,,,,,,,,,,,,,,,,,,,,,,,Traced,True,3
22.0,12.0,518726,L2,10350.0,L2_L,L,Prelim Roughly traced,ol_intrinsic,L2,VFB_jrmc2fmo,,,,,,,,,,,,,,,,,,,,,,,,,Traced,True,4
28.0,28.0,518746,L2,10350.0,L2_L,L,Prelim Roughly traced,ol_intrinsic,L2,VFB_jrmc2fnx,,,,,,,,,,,,,,,,,,,,,,,,,Traced,True,3
23.0,18.0,518749,L2,10350.0,L2_L,L,Prelim Roughly traced,ol_intrinsic,L2,VFB_jrmc2eu8,,,,,,,,,,,,,,,,,,,,,,,,,Traced,True,4
16.0,21.0,518754,L2,10350.0,L2_L,L,Prelim Roughly traced,ol_intrinsic,L2,VFB_jrmc2frf,,,,,,,,,,,,,,,,,,,,,,,,,Traced,True,3
16.0,20.0,518758,L2,10350.0,L2_L,L,Prelim Roughly traced,ol_intrinsic,L2,VFB_jrmc2fz2,,,,,,,,,,,,,,,,,,,,,,,,,Traced,True,3
15.0,10.0,518857,L2,10350.0,L2_L,L,Prelim Roughly traced,ol_intrinsic,L2,VFB_jrmc2fkx,,,,,,,,,,,,,,,,,,,,,,,,,Traced,True,3
15.0,9.0,518858,L2,10350.0,L2_L,L,Prelim Roughly traced,ol_intrinsic,L2,VFB_jrmc2fc6,,,,,,,,,,,,,,,,,,,,,,,,,Traced,True,4
23.0,17.0,518934,L2,10350.0,L2_L,L,Prelim Roughly traced,ol_intrinsic,L2,VFB_jrmc2fwy,,,,,,,,,,,,,,,,,,,,,,,,,Traced,True,4
21.0,20.0,519006,L2,10350.0,L2_L,L,Prelim Roughly traced,ol_intrinsic,L2,VFB_jrmc2evw,,,,,,,,,,,,,,,,,,,,,,,,,Traced,True,4
15.0,18.0,519016,L2,10350.0,L2_L,L,Prelim Roughly traced,ol_intrinsic,L2,VFB_jrmc2fpz,,,,,,,,,,,,,,,,,,,,,,,,,Traced,True,4
15.0,19.0,519022,L2,10350.0,L2_L,L,Prelim Roughly traced,ol_intrinsic,L2,VFB_jrmc2fmn,,,,,,,,,,,,,,,,,,,,,,,,,Traced,True,3
18.0,15.0,519204,L2,10350.0,L2_L,L,Prelim Roughly traced,ol_intrinsic,L2,VFB_jrmc2f7b,,,,,,,,,,,,,,,,,,,,,,,,,Traced,True,4
23.0,19.0,519433,L2,10350.0,L2_L,L,Prelim Roughly traced,ol_intrinsic,L2,VFB_jrmc2g6j,,,,,,,,,,,,,,,,,,,,,,,,,Traced,True,4
10.0,28.0,519465,L2,10350.0,L2_L,L,Prelim Roughly traced,ol_intrinsic,L2,VFB_jrmc2g14,,,,,,,,,,,,,,,,,,,,,,,,,Traced,True,3
10.0,23.0,519472,L2,10350.0,L2_L,L,Prelim Roughly traced,ol_intrinsic,L2,VFB_jrmc2fk1,,,,,,,,,,,,,,,,,,,,,,,,,Traced,True,3
8.0,16.0,519477,L2,10350.0,L2_L,L,Reviewed,ol_intrinsic,L2,VFB_jrmc2f8t,,,,,,,,,,,,,,,,,,,,,,,,,Traced,True,4
18.0,29.0,519732,L2,10350.0,L2_L,L,Prelim Roughly traced,ol_intrinsic,L2,VFB_jrmc2fha,,,,,,,,,,,,,,,,,,,,,,,,,Traced,True,3
5.0,12.0,519820,L2,10350.0,L2_L,L,Prelim Roughly traced,ol_intrinsic,L2,VFB_jrmc2fwd,,,,,,,,,,,,,,,,,,,,,,,,,Traced,True,4
8.0,8.0,519821,L2,10350.0,L2_L,L,Prelim Roughly traced,ol_intrinsic,L2,VFB_jrmc2fy3,,,,,,,,,,,,,,,,,,,,,,,,,Traced,True,4
8.0,4.0,519823,L2,10350.0,L2_L,L,Prelim Roughly traced,ol_intrinsic,L2,VFB_jrmc2f31,,,,,,,,,,,,,,,,,,,,,,,,,Traced,True,4
10.0,9.0,519824,L2,10350.0,L2_L,L,Prelim Roughly traced,ol_intrinsic,L2,VFB_jrmc2frx,,,,,,,,,,,,,,,,,,,,,,,,,Traced,True,3
5.0,7.0,519834,L2,10350.0,L2_L,L,Prelim Roughly traced,ol_intrinsic,L2,VFB_jrmc2g64,,,,,,,,,,,,,,,,,,,,,,,,,Traced,True,4
8.0,12.0,519838,L2,10350.0,L2_L,L,Prelim Roughly traced,ol_intrinsic,L2,VFB_jrmc2fng,,,,,,,,,,,,,,,,,,,,,,,,,Traced,True,4
15.0,20.0,520097,L2,10350.0,L2_L,L,Prelim Roughly traced,ol_intrinsic,L2,VFB_jrmc2ft5,,,,,,,,,,,,,,,,,,,,,,,,,Traced,True,4
17.0,16.0,520098,L2,10350.0,L2_L,L,Prelim Roughly traced,ol_intrinsic,L2,VFB_jrmc2fak,,,,,,,,,,,,,,,,,,,,,,,,,Traced,True,4
16.0,14.0,520181,L2,10350.0,L2_L,L,Prelim Roughly traced,ol_intrinsic,L2,VFB_jrmc2fpd,,,,,,,,,,,,,,,,,,,,,,,,,Traced,True,4
11.0,9.0,520281,L2,10350.0,L2_L,L,Prelim Roughly traced,ol_intrinsic,L2,VFB_jrmc2ey7,,,,,,,,,,,,,,,,,,,,,,,,,Traced,True,3
10.0,11.0,520284,L2,10350.0,L2_L,L,Prelim Roughly traced,ol_intrinsic,L2,VFB_jrmc2fu2,,,,,,,,,,,,,,,,,,,,,,,,,Traced,True,4
7.0,13.0,520286,L2,10350.0,L2_L,L,Prelim Roughly traced,ol_intrinsic,L2,VFB_jrmc2g12,,,,,,,,,,,,,,,,,,,,,,,,,Traced,True,4
22.0,27.0,520413,L2,10350.0,L2_L,L,Prelim Roughly traced,ol_intrinsic,L2,VFB_jrmc2g6m,,,,,,,,,,,,,,,,,,,,,,,,,Traced,True,3
4.0,13.0,520454,L2,10350.0,L2_L,L,Prelim Roughly traced,ol_intrinsic,L2,VFB_jrmc2fuy,,,,,,,,,,,,,,,,,,,,,,,,,Traced,True,3
4.0,12.0,520455,L2,10350.0,L2_L,L,Prelim Roughly traced,ol_intrinsic,L2,VFB_jrmc2g3d,,,,,,,,,,,,,,,,,,,,,,,,,Traced,True,3
6.0,18.0,520491,L2,10350.0,L2_L,L,Prelim Roughly traced,ol_intrinsic,L2,VFB_jrmc2fpm,,,,,,,,,,,,,,,,,,,,,,,,,Traced,True,3
5.0,14.0,520504,L2,10350.0,L2_L,L,Prelim Roughly traced,ol_intrinsic,L2,VFB_jrmc2f5j,,,,,,,,,,,,,,,,,,,,,,,,,Traced,True,3
7.0,11.0,520505,L2,10350.0,L2_L,L,Prelim Roughly traced,ol_intrinsic,L2,VFB_jrmc2f9u,,,,,,,,,,,,,,,,,,,,,,,,,Traced,True,4
11.0,4.0,520506,L2,10350.0,L2_L,L,Prelim Roughly traced,ol_intrinsic,L2,VFB_jrmc2f5u,,,,,,,,,,,,,,,,,,,,,,,,,Traced,True,4
11.0,15.0,520507,L2,10350.0,L2_L,L,Prelim Roughly traced,ol_intrinsic,L2,VFB_jrmc2fxn,,,,,,,,,,,,,,,,,,,,,,,,,Traced,True,3
17.0,10.0,520509,L2,10350.0,L2_L,L,Prelim Roughly traced,ol_intrinsic,L2,VFB_jrmc2fio,,,,,,,,,,,,,,,,,,,,,,,,,Traced,True,3
20.0,30.0,520542,L2,10350.0,L2_L,L,Prelim Roughly traced,ol_intrinsic,L2,VFB_jrmc2fe0,,,,,,,,,,,,,,,,,,,,,,,,,Traced,True,3
28.0,22.0,520544,L2,10350.0,L2_L,L,Prelim Roughly traced,ol_intrinsic,L2,VFB_jrmc2fmh,,,,,,,,,,,,,,,,,,,,,,,,,Traced,True,4
27.0,22.0,520550,L2,10350.0,L2_L,L,Prelim Roughly traced,ol_intrinsic,L2,VFB_jrmc2fog,,,,,,,,,,,,,,,,,,,,,,,,,Traced,True,4
19.0,20.0,520563,L2,10350.0,L2_L,L,Prelim Roughly traced,ol_intrinsic,L2,VFB_jrmc2fvm,,,,,,,,,,,,,,,,,,,,,,,,,Traced,True,4
8.0,15.0,520746,L2,10350.0,L2_L,L,Prelim Roughly traced,ol_intrinsic,L2,VFB_jrmc2fc0,,,,,,,,,,,,,,,,,,,,,,,,,Traced,True,3
9.0,26.0,520864,L2,10350.0,L2_L,L,Prelim Roughly traced,ol_intrinsic,L2,VFB_jrmc2fm9,,,,,,,,,,,,,,,,,,,,,,,,,Traced,True,3
20.0,26.0,520869,L2,10350.0,L2_L,L,Prelim Roughly traced,ol_intrinsic,L2,VFB_jrmc2fw5,,,,,,,,,,,,,,,,,,,,,,,,,Traced,True,4
10.0,8.0,521786,L2,10350.0,L2_L,L,Prelim Roughly traced,ol_intrinsic,L2,VFB_jrmc2ev6,,,,,,,,,,,,,,,,,,,,,,,,,Traced,True,3
13.0,12.0,521789,L2,10350.0,L2_L,L,Prelim Roughly traced,ol_intrinsic,L2,VFB_jrmc2fme,,,,,,,,,,,,,,,,,,,,,,,,,Traced,True,3
17.0,15.0,521790,L2,10350.0,L2_L,L,Prelim Roughly traced,ol_intrinsic,L2,VFB_jrmc2ezm,,,,,,,,,,,,,,,,,,,,,,,,,Traced,True,4
23.0,30.0,522769,L2,10350.0,L2_L,L,Prelim Roughly traced,ol_intrinsic,L2,VFB_jrmc2f97,,,,,,,,,,,,,,,,,,,,,,,,,Traced,True,3
17.0,27.0,522869,L2,10350.0,L2_L,L,Prelim Roughly traced,ol_intrinsic,L2,VFB_jrmc2f1o,,,,,,,,,,,,,,,,,,,,,,,,,Traced,True,3
20.0,28.0,522873,L2,10350.0,L2_L,L,Prelim Roughly traced,ol_intrinsic,L2,VFB_jrmc2f5s,,,,,,,,,,,,,,,,,,,,,,,,,Traced,True,3
15.0,26.0,522902,L2,10350.0,L2_L,L,Prelim Roughly traced,ol_intrinsic,L2,VFB_jrmc2fuw,,,,,,,,,,,,,,,,,,,,,,,,,Traced,True,3
9.0,17.0,522942,L2,10350.0,L2_L,L,Prelim Roughly traced,ol_intrinsic,L2,VFB_jrmc2fa2,,,,,,,,,,,,,,,,,,,,,,,,,Traced,True,3
3.0,13.0,523002,L2,10350.0,L2_L,L,Prelim Roughly traced,ol_intrinsic,L2,VFB_jrmc2fge,,,,,,,,,,,,,,,,,,,,,,,,,Traced,True,4
23.0,29.0,523403,L2,10350.0,L2_L,L,Prelim Roughly traced,ol_intrinsic,L2,VFB_jrmc2f4k,,,,,,,,,,,,,,,,,,,,,,,,,Traced,True,3
24.0,29.0,523406,L2,10350.0,L2_L,L,Prelim Roughly traced,ol_intrinsic,L2,VFB_jrmc2f4v,,,,,,,,,,,,,,,,,,,,,,,,,Traced,True,3
27.0,32.0,523441,L2,10350.0,L2_L,L,Prelim Roughly traced,ol_intrinsic,L2,VFB_jrmc2fli,,,,,,,,,,,,,,,,,,,,,,,,,Traced,True,3
9.0,20.0,523654,L2,10350.0,L2_L,L,Prelim Roughly traced,ol_intrinsic,L2,VFB_jrmc2f0i,,,,,,,,,,,,,,,,,,,,,,,,,Traced,True,3
22.0,18.0,523751,L2,10350.0,L2_L,L,Prelim Roughly traced,ol_intrinsic,L2,VFB_jrmc2f2m,,,,,,,,,,,,,,,,,,,,,,,,,Traced,True,3
32.0,28.0,523884,L2,10350.0,L2_L,L,Prelim Roughly traced,ol_intrinsic,L2,VFB_jrmc2fgk,,,,,,,,,,,,,,,,,,,,,,,,,Traced,True,3
32.0,35.0,523887,L2,10350.0,L2_L,L,Prelim Roughly traced,ol_intrinsic,L2,VFB_jrmc2fcm,,,,,,,,,,,,,,,,,,,,,,,[84204 15698 26310],,Traced,True,4
13.0,22.0,523967,L2,10350.0,L2_L,L,Prelim Roughly traced,ol_intrinsic,L2,VFB_jrmc2g5l,,,,,,,,,,,,,,,,,,,,,,,,,Traced,True,3
14.0,29.0,524097,L2,10350.0,L2_L,L,Prelim Roughly traced,ol_intrinsic,L2,VFB_jrmc2ftp,,,,,,,,,,,,,,,,,,,,,,,,,Traced,True,3
22.0,21.0,524481,L2,10350.0,L2_L,L,Prelim Roughly traced,ol_intrinsic,L2,VFB_jrmc2fk7,,,,,,,,,,,,,,,,,,,,,,,,,Traced,True,4
16.0,5.0,524592,L2,10350.0,L2_L,L,Prelim Roughly traced,ol_intrinsic,L2,VFB_jrmc2fti,,,,,,,,,,,,,,,,,,,,,,,,,Traced,True,3
21.0,13.0,524622,L2,10350.0,L2_L,L,Prelim Roughly traced,ol_intrinsic,L2,VFB_jrmc2f63,,,,,,,,,,,,,,,,,,,,,,,,,Traced,True,4
25.0,29.0,524690,L2,10350.0,L2_L,L,Prelim Roughly traced,ol_intrinsic,L2,VFB_jrmc2fo5,,,,,,,,,,,,,,,,,,,,,,,,,Traced,True,3
5.0,6.0,524775,L2,10350.0,L2_L,L,Prelim Roughly traced,ol_intrinsic,L2,VFB_jrmc2g06,,,,,,,,,,,,,,,,,,,,,,,,,Traced,True,4
,,524796,L2,10350.0,L2_L,L,Prelim Roughly traced,ol_intrinsic,L2,VFB_jrmc2fic,,,,,,,,,,,,,,,,,,,,,,,,,Traced,True,3
10.0,19.0,524953,L2,10350.0,L2_L,L,Prelim Roughly traced,ol_intrinsic,L2,VFB_jrmc2fg7,,,,,,,,,,,,,,,,,,,,,,,,,Traced,True,3
24.0,28.0,525291,L2,10350.0,L2_L,L,Prelim Roughly traced,ol_intrinsic,L2,VFB_jrmc2fl8,,,,,,,,,,,,,,,,,,,,,,,,,Traced,True,3
20.0,16.0,525295,L2,10350.0,L2_L,L,Prelim Roughly traced,ol_intrinsic,L2,VFB_jrmc2f7r,,,,,,,,,,,,,,,,,,,,,,,,,Traced,True,3
8.0,10.0,525321,L2,10350.0,L2_L,L,Prelim Roughly traced,ol_intrinsic,L2,VFB_jrmc2fia,,,,,,,,,,,,,,,,,,,,,,,,,Traced,True,4
30.0,28.0,525950,L2,10350.0,L2_L,L,Prelim Roughly traced,ol_intrinsic,L2,VFB_jrmc2fx5,,,,,,,,,,,,,,,,,,,,,,,,,Traced,True,4
4.0,9.0,526138,L2,10350.0,L2_L,L,Prelim Roughly traced,ol_intrinsic,L2,VFB_jrmc2fn3,,,,,,,,,,,,,,,,,,,,,,,,,Traced,True,4
13.0,9.0,526255,L2,10350.0,L2_L,L,Prelim Roughly traced,ol_intrinsic,L2,VFB_jrmc2exc,,,,,,,,,,,,,,,,,,,,,,,,,Traced,True,3
13.0,21.0,526586,L2,10350.0,L2_L,L,Prelim Roughly traced,ol_intrinsic,L2,VFB_jrmc2f3t,,,,,,,,,,,,,,,,,,,,,,,,,Traced,True,3
23.0,8.0,526840,L2,10350.0,L2_R,R,Roughly traced,ol_intrinsic,L2,VFB_jrmc2exe,,,,,,,,,,,,,,,,,,,,,,,,,Traced,True,3
20.0,15.0,526963,L2,10350.0,L2_L,L,Prelim Roughly traced,ol_intrinsic,L2,VFB_jrmc2f19,,,,,,,,,,,,,,,,,,,,,,,,,Traced,True,3
26.0,26.0,527098,L2,10350.0,L2_L,L,Prelim Roughly traced,ol_intrinsic,L2,VFB_jrmc2g2m,,,,,,,,,,,,,,,,,,,,,,,,,Traced,True,4
15.0,24.0,527378,L2,10350.0,L2_L,L,Prelim Roughly traced,ol_intrinsic,L2,VFB_jrmc2f3s,,,,,,,,,,,,,,,,,,,,,,,,,Traced,True,3
23.0,24.0,527657,L2,10350.0,L2_L,L,Prelim Roughly traced,ol_intrinsic,L2,VFB_jrmc2fkb,,,,,,,,,,,,,,,,,,,,,,,,,Traced,True,4
6.0,3.0,529122,L2,10350.0,L2_L,L,Prelim Roughly traced,ol_intrinsic,L2,VFB_jrmc2ewn,,,,,,,,,,,,,,,,,,,,,,,,,Traced,True,4
10.0,6.0,529656,L2,10350.0,L2_L,L,Prelim Roughly traced,ol_intrinsic,L2,VFB_jrmc2fm6,,,,,,,,,,,,,,,,,,,,,,,,,Traced,True,4
20.0,6.0,529836,L2,10350.0,L2_L,L,Prelim Roughly traced,ol_intrinsic,L2,VFB_jrmc2g1y,,,,,,,,,,,,,,,,,,,,,,,,,Traced,True,4
21.0,35.0,529926,L2,10350.0,L2_R,R,Roughly traced,ol_intrinsic,L2,VFB_jrmc2ews,,,,,,,,,,,,,,,,,,,,,,,,,Traced,True,3
14.0,16.0,529980,L2,10350.0,L2_L,L,Prelim Roughly traced,ol_intrinsic,L2,VFB_jrmc2fzz,,,,,,,,,,,,,,,,,,,,,,,,,Traced,True,4
12.0,20.0,530017,L2,10350.0,L2_L,L,Prelim Roughly traced,ol_intrinsic,L2,VFB_jrmc2ezb,,,,,,,,,,,,,,,,,,,,,,,,,Traced,True,3
26.0,17.0,530129,L2,10350.0,L2_L,L,Prelim Roughly traced,ol_intrinsic,L2,VFB_jrmc2g24,,,,,,,,,,,,,,,,,,,,,,,,,Traced,True,3
19.0,12.0,530144,L2,10350.0,L2_L,L,Prelim Roughly traced,ol_intrinsic,L2,VFB_jrmc2g1h,,,,,,,,,,,,,,,,,,,,,,,,,Traced,True,3
16.0,4.0,530223,L2,10350.0,L2_L,L,Prelim Roughly traced,ol_intrinsic,L2,VFB_jrmc2g11,,,,,,,,,,,,,,,,,,,,,,,,,Traced,True,4
11.0,1.0,530319,L2,10350.0,L2_R,R,Roughly traced,ol_intrinsic,L2,VFB_jrmc2ey0,,,,,,,,,,,,,,,,,,,,,,,[17537 52349 22095],,Traced,True,4
25.0,20.0,530352,L2,10350.0,L2_L,L,Prelim Roughly traced,ol_intrinsic,L2,VFB_jrmc2fa3,,,,,,,,,,,,,,,,,,,,,,,,,Traced,True,4
28.0,26.0,530443,L2,10350.0,L2_L,L,Prelim Roughly traced,ol_intrinsic,L2,VFB_jrmc2f0q,,,,,,,,,,,,,,,,,,,,,,,,,Traced,True,3
16.0,22.0,530531,L2,10350.0,L2_L,L,Prelim Roughly traced,ol_intrinsic,L2,VFB_jrmc2ezs,,,,,,,,,,,,,,,,,,,,,,,,,Traced,True,3
6.0,16.0,530629,L2,10350.0,L2_L,L,Prelim Roughly traced,ol_intrinsic,L2,VFB_jrmc2fdl,,,,,,,,,,,,,,,,,,,,,,,,,Traced,True,3
31.0,23.0,530717,L2,10350.0,L2_L,L,Prelim Roughly traced,ol_intrinsic,L2,VFB_jrmc2fek,,,,,,,,,,,,,,,,,,,,,,,,,Traced,True,3
14.0,11.0,530807,L2,10350.0,L2_L,L,Prelim Roughly traced,ol_intrinsic,L2,VFB_jrmc2fus,,,,,,,,,,,,,,,,,,,,,,,,,Traced,True,4
32.0,19.0,530920,L2,10350.0,L2_L,L,Prelim Roughly traced,ol_intrinsic,L2,VFB_jrmc2fii,,,,,,,,,,,,,,,,,,,,,,,,,Traced,True,4
15.0,15.0,530965,L2,10350.0,L2_L,L,Prelim Roughly traced,ol_intrinsic,L2,VFB_jrmc2fj7,,,,,,,,,,,,,,,,,,,,,,,,,Traced,True,3
23.0,14.0,531069,L2,10350.0,L2_L,L,Prelim Roughly traced,ol_intrinsic,L2,VFB_jrmc2g2y,,,,,,,,,,,,,,,,,,,,,,,,,Traced,True,3
14.0,5.0,531105,L2,10350.0,L2_L,L,Prelim Roughly traced,ol_intrinsic,L2,VFB_jrmc2fk9,,,,,,,,,,,,,,,,,,,,,,,,,Traced,True,3
12.0,18.0,531198,L2,10350.0,L2_L,L,Prelim Roughly traced,ol_intrinsic,L2,VFB_jrmc2fbc,,,,,,,,,,,,,,,,,,,,,,,,,Traced,True,3
6.0,8.0,531220,L2,10350.0,L2_L,L,Prelim Roughly traced,ol_intrinsic,L2,VFB_jrmc2eug,,,,,,,,,,,,,,,,,,,,,,,,,Traced,True,4
11.0,11.0,531326,L2,10350.0,L2_L,L,Prelim Roughly traced,ol_intrinsic,L2,VFB_jrmc2fw8,,,,,,,,,,,,,,,,,,,,,,,,,Traced,True,3
26.0,16.0,531649,L2,10350.0,L2_L,L,Prelim Roughly traced,ol_intrinsic,L2,VFB_jrmc2eys,,,,,,,,,,,,,,,,,,,,,,,,,Traced,True,3
11.0,5.0,531698,L2,10350.0,L2_L,L,Reviewed,ol_intrinsic,L2,VFB_jrmc2fni,,,,,,,,,,,,,,,,,,,,,,,,,Traced,True,4
24.0,19.0,531718,L2,10350.0,L2_L,L,Prelim Roughly traced,ol_intrinsic,L2,VFB_jrmc2f5g,,,,,,,,,,,,,,,,,,,,,,,,,Traced,True,3
22.0,15.0,531923,L2,10350.0,L2_L,L,Prelim Roughly traced,ol_intrinsic,L2,VFB_jrmc2fzf,,,,,,,,,,,,,,,,,,,,,,,,,Traced,True,4
15.0,11.0,531961,L2,10350.0,L2_L,L,Reviewed,ol_intrinsic,L2,VFB_jrmc2f6u,,,,,,,,,,,,,,,,,,,,,,,,,Traced,True,4
32.0,20.0,531967,L2,10350.0,L2_L,L,Prelim Roughly traced,ol_intrinsic,L2,VFB_jrmc2evu,,,,,,,,,,,,,,,,,,,,,,,,,Traced,True,4
12.0,17.0,532110,L2,10350.0,L2_L,L,Prelim Roughly traced,ol_intrinsic,L2,VFB_jrmc2fdw,,,,,,,,,,,,,,,,,,,,,,,,,Traced,True,3
20.0,21.0,532253,L2,10350.0,L2_L,L,Prelim Roughly traced,ol_intrinsic,L2,VFB_jrmc2fhp,,,,,,,,,,,,,,,,,,,,,,,,,Traced,True,4
9.0,19.0,532357,L2,10350.0,L2_L,L,Prelim Roughly traced,ol_intrinsic,L2,VFB_jrmc2flq,,,,,,,,,,,,,,,,,,,,,,,,,Traced,True,3
16.0,27.0,532361,L2,10350.0,L2_L,L,Prelim Roughly traced,ol_intrinsic,L2,VFB_jrmc2f7y,,,,,,,,,,,,,,,,,,,,,,,,,Traced,True,3
13.0,10.0,532536,L2,10350.0,L2_L,L,Reviewed,ol_intrinsic,L2,VFB_jrmc2f6t,,,,,,,,,,,,,,,,,,,,,,,,,Traced,True,3
23.0,26.0,532686,L2,10350.0,L2_L,L,Prelim Roughly traced,ol_intrinsic,L2,VFB_jrmc2fn2,,,,,,,,,,,,,,,,,,,,,,,,,Traced,True,3
21.0,22.0,532722,L2,10350.0,L2_L,L,Prelim Roughly traced,ol_intrinsic,L2,VFB_jrmc2fi1,,,,,,,,,,,,,,,,,,,,,,,,,Traced,True,4
29.0,23.0,532737,L2,10350.0,L2_L,L,Prelim Roughly traced,ol_intrinsic,L2,VFB_jrmc2ffb,,,,,,,,,,,,,,,,,,,,,,,,,Traced,True,3
21.0,34.0,532879,L2,10350.0,L2_L,L,Prelim Roughly traced,ol_intrinsic,L2,VFB_jrmc2fzx,,,,,,,,,,,,,,,,,,,,,,,[92354 22784 30400],,Traced,True,3
13.0,29.0,532880,L2,10350.0,L2_L,L,Prelim Roughly traced,ol_intrinsic,L2,VFB_jrmc2fco,,,,,,,,,,,,,,,,,,,,,,,,,Traced,True,3
13.0,27.0,532885,L2,10350.0,L2_L,L,Prelim Roughly traced,ol_intrinsic,L2,VFB_jrmc2g51,,,,,,,,,,,,,,,,,,,,,,,,,Traced,True,3
13.0,28.0,532889,L2,10350.0,L2_L,L,Prelim Roughly traced,ol_intrinsic,L2,VFB_jrmc2f8h,,,,,,,,,,,,,,,,,,,,,,,,,Traced,True,3
19.0,14.0,533077,L2,10350.0,L2_L,L,Prelim Roughly traced,ol_intrinsic,L2,VFB_jrmc2f85,,,,,,,,,,,,,,,,,,,,,,,,,Traced,True,3
7.0,14.0,533185,L2,10350.0,L2_L,L,Prelim Roughly traced,ol_intrinsic,L2,VFB_jrmc2few,,,,,,,,,,,,,,,,,,,,,,,,,Traced,True,3
24.0,33.0,533352,L2,10350.0,L2_L,L,Prelim Roughly traced,ol_intrinsic,L2,VFB_jrmc2fr1,,,,,,,,,,,,,,,,,,,,,,,,,Traced,True,3
5.0,5.0,533380,L2,10350.0,L2_L,L,Prelim Roughly traced,ol_intrinsic,L2,VFB_jrmc2f1k,,,,,,,,,,,,,,,,,,,,,,,,,Traced,True,4
9.0,4.0,533528,L2,10350.0,L2_L,L,Prelim Roughly traced,ol_intrinsic,L2,VFB_jrmc2fl6,,,,,,,,,,,,,,,,,,,,,,,,,Traced,True,4
11.0,12.0,533566,L2,10350.0,L2_L,L,Prelim Roughly traced,ol_intrinsic,L2,VFB_jrmc2f01,,,,,,,,,,,,,,,,,,,,,,,,,Traced,True,4
12.0,21.0,533605,L2,10350.0,L2_L,L,Prelim Roughly traced,ol_intrinsic,L2,VFB_jrmc2ffx,,,,,,,,,,,,,,,,,,,,,,,,,Traced,True,3
11.0,17.0,533652,L2,10350.0,L2_L,L,Prelim Roughly traced,ol_intrinsic,L2,VFB_jrmc2fdu,,,,,,,,,,,,,,,,,,,,,,,,,Traced,True,3
9.0,6.0,533742,L2,10350.0,L2_L,L,Prelim Roughly traced,ol_intrinsic,L2,VFB_jrmc2fwm,,,,,,,,,,,,,,,,,,,,,,,,,Traced,True,4
29.0,24.0,533820,L2,10350.0,L2_L,L,Prelim Roughly traced,ol_intrinsic,L2,VFB_jrmc2fxm,,,,,,,,,,,,,,,,,,,,,,,,,Traced,True,4
21.0,14.0,533896,L2,10350.0,L2_L,L,Prelim Roughly traced,ol_intrinsic,L2,VFB_jrmc2g4v,,,,,,,,,,,,,,,,,,,,,,,,,Traced,True,3
13.0,20.0,533931,L2,10350.0,L2_L,L,Prelim Roughly traced,ol_intrinsic,L2,VFB_jrmc2g3m,,,,,,,,,,,,,,,,,,,,,,,,,Traced,True,3
16.0,11.0,533977,L2,10350.0,L2_L,L,Prelim Roughly traced,ol_intrinsic,L2,VFB_jrmc2f8a,,,,,,,,,,,,,,,,,,,,,,,,,Traced,True,4
2.0,9.0,534055,L2,10350.0,L2_L,L,Prelim Roughly traced,ol_intrinsic,L2,VFB_jrmc2fj3,,,,,,,,,,,,,,,,,,,,,,,,,Traced,True,4
27.0,25.0,534084,L2,10350.0,L2_L,L,Prelim Roughly traced,ol_intrinsic,L2,VFB_jrmc2f22,,,,,,,,,,,,,,,,,,,,,,,,,Traced,True,3
7.0,12.0,534108,L2,10350.0,L2_L,L,Prelim Roughly traced,ol_intrinsic,L2,VFB_jrmc2evy,,,,,,,,,,,,,,,,,,,,,,,,,Traced,True,4
7.0,21.0,534140,L2,10350.0,L2_L,L,Prelim Roughly traced,ol_intrinsic,L2,VFB_jrmc2fww,,,,,,,,,,,,,,,,,,,,,,,,,Traced,True,3
9.0,15.0,534163,L2,10350.0,L2_L,L,Prelim Roughly traced,ol_intrinsic,L2,VFB_jrmc2far,,,,,,,,,,,,,,,,,,,,,,,,,Traced,True,4
16.0,10.0,534228,L2,10350.0,L2_L,L,Prelim Roughly traced,ol_intrinsic,L2,VFB_jrmc2f7d,,,,,,,,,,,,,,,,,,,,,,,,,Traced,True,4
25.0,26.0,534375,L2,10350.0,L2_L,L,Prelim Roughly traced,ol_intrinsic,L2,VFB_jrmc2fun,,,,,,,,,,,,,,,,,,,,,,,,,Traced,True,4
11.0,1.0,534555,L2,10350.0,L2_L,L,Prelim Roughly traced,ol_intrinsic,L2,VFB_jrmc2fks,,,,,,,,,,,,,,,,,,,,,,,,,Traced,True,4
19.0,10.0,534678,L2,10350.0,L2_L,L,Prelim Roughly traced,ol_intrinsic,L2,VFB_jrmc2f9t,,,,,,,,,,,,,,,,,,,,,,,,,Traced,True,3
14.0,14.0,534807,L2,10350.0,L2_L,L,Prelim Roughly traced,ol_intrinsic,L2,VFB_jrmc2ey2,,,,,,,,,,,,,,,,,,,,,,,,,Traced,True,3
30.0,27.0,534839,L2,10350.0,L2_L,L,Prelim Roughly traced,ol_intrinsic,L2,VFB_jrmc2ffv,,,,,,,,,,,,,,,,,,,,,,,,,Traced,True,3
15.0,25.0,534920,L2,10350.0,L2_L,L,Prelim Roughly traced,ol_intrinsic,L2,VFB_jrmc2fex,,,,,,,,,,,,,,,,,,,,,,,,,Traced,True,3
6.0,9.0,535208,L2,10350.0,L2_L,L,Prelim Roughly traced,ol_intrinsic,L2,VFB_jrmc2g38,,,,,,,,,,,,,,,,,,,,,,,,,Traced,True,4
25.0,32.0,535236,L2,10350.0,L2_L,L,Prelim Roughly traced,ol_intrinsic,L2,VFB_jrmc2fax,,,,,,,,,,,,,,,,,,,,,,,,,Traced,True,3
11.0,20.0,535262,L2,10350.0,L2_L,L,Prelim Roughly traced,ol_intrinsic,L2,VFB_jrmc2fm2,,,,,,,,,,,,,,,,,,,,,,,,,Traced,True,3
9.0,5.0,535312,L2,10350.0,L2_L,L,Prelim Roughly traced,ol_intrinsic,L2,VFB_jrmc2fq3,,,,,,,,,,,,,,,,,,,,,,,,,Traced,True,4
26.0,21.0,535516,L2,10350.0,L2_L,L,Prelim Roughly traced,ol_intrinsic,L2,VFB_jrmc2fxc,,,,,,,,,,,,,,,,,,,,,,,,,Traced,True,4
13.0,17.0,535695,L2,10350.0,L2_L,L,Prelim Roughly traced,ol_intrinsic,L2,VFB_jrmc2fwh,,,,,,,,,,,,,,,,,,,,,,,,,Traced,True,3
28.0,18.0,535945,L2,10350.0,L2_L,L,Prelim Roughly traced,ol_intrinsic,L2,VFB_jrmc2eyz,,,,,,,,,,,,,,,,,,,,,,,,,Traced,True,4
17.0,24.0,536034,L2,10350.0,L2_L,L,Prelim Roughly traced,ol_intrinsic,L2,VFB_jrmc2f37,,,,,,,,,,,,,,,,,,,,,,,,,Traced,True,3
7.0,4.0,536113,L2,10350.0,L2_L,L,Prelim Roughly traced,ol_intrinsic,L2,VFB_jrmc2ffl,,,,,,,,,,,,,,,,,,,,,,,,,Traced,True,4
27.0,20.0,536259,L2,10350.0,L2_L,L,Prelim Roughly traced,ol_intrinsic,L2,VFB_jrmc2fkw,,,,,,,,,,,,,,,,,,,,,,,,,Traced,True,4
20.0,13.0,536853,L2,10350.0,L2_L,L,Prelim Roughly traced,ol_intrinsic,L2,VFB_jrmc2ev7,,,,,,,,,,,,,,,,,,,,,,,,,Traced,True,3
31.0,28.0,536860,L2,10350.0,L2_L,L,Prelim Roughly traced,ol_intrinsic,L2,VFB_jrmc2ffu,,,,,,,,,,,,,,,,,,,,,,,,,Traced,True,3
3.0,11.0,537006,L2,10350.0,L2_L,L,Prelim Roughly traced,ol_intrinsic,L2,VFB_jrmc2ev4,,,,,,,,,,,,,,,,,,,,,,,,,Traced,True,4
23.0,20.0,537011,L2,10350.0,L2_L,L,Prelim Roughly traced,ol_intrinsic,L2,VFB_jrmc2fdx,,,,,,,,,,,,,,,,,,,,,,,,,Traced,True,4
26.0,31.0,537477,L2,10350.0,L2_L,L,Prelim Roughly traced,ol_intrinsic,L2,VFB_jrmc2fdt,,,,,,,,,,,,,,,,,,,,,,,,,Traced,True,3
31.0,25.0,537824,L2,10350.0,L2_L,L,Prelim Roughly traced,ol_intrinsic,L2,VFB_jrmc2fbn,,,,,,,,,,,,,,,,,,,,,,,,,Traced,True,3
5.0,13.0,537827,L2,10350.0,L2_L,L,Prelim Roughly traced,ol_intrinsic,L2,VFB_jrmc2feh,,,,,,,,,,,,,,,,,,,,,,,,,Traced,True,3
5.0,16.0,537995,L2,10350.0,L2_L,L,Prelim Roughly traced,ol_intrinsic,L2,VFB_jrmc2fc9,,,,,,,,,,,,,,,,,,,,,,,,,Traced,True,3
12.0,24.0,538067,L2,10350.0,L2_L,L,Prelim Roughly traced,ol_intrinsic,L2,VFB_jrmc2fqb,,,,,,,,,,,,,,,,,,,,,,,,,Traced,True,3
11.0,26.0,538982,L2,10350.0,L2_L,L,Prelim Roughly traced,ol_intrinsic,L2,VFB_jrmc2f2e,,,,,,,,,,,,,,,,,,,,,,,,,Traced,True,3
17.0,19.0,539000,L2,10350.0,L2_L,L,Prelim Roughly traced,ol_intrinsic,L2,VFB_jrmc2f2p,,,,,,,,,,,,,,,,,,,,,,,,,Traced,True,4
29.0,18.0,539106,L2,10350.0,L2_L,L,Prelim Roughly traced,ol_intrinsic,L2,VFB_jrmc2ezo,,,,,,,,,,,,,,,,,,,,,,,,,Traced,True,4
19.0,19.0,539116,L2,10350.0,L2_L,L,Prelim Roughly traced,ol_intrinsic,L2,VFB_jrmc2fbm,,,,,,,,,,,,,,,,,,,,,,,,,Traced,True,4
14.0,22.0,539158,L2,10350.0,L2_L,L,Prelim Roughly traced,ol_intrinsic,L2,VFB_jrmc2ffk,,,,,,,,,,,,,,,,,,,,,,,,,Traced,True,3
3.0,9.0,539261,L2,10350.0,L2_L,L,Prelim Roughly traced,ol_intrinsic,L2,VFB_jrmc2fpj,,,,,,,,,,,,,,,,,,,,,,,,,Traced,True,4
17.0,25.0,539275,L2,10350.0,L2_L,L,Prelim Roughly traced,ol_intrinsic,L2,VFB_jrmc2g0o,,,,,,,,,,,,,,,,,,,,,,,,,Traced,True,3
17.0,9.0,539488,L2,10350.0,L2_L,L,Prelim Roughly traced,ol_intrinsic,L2,VFB_jrmc2f1l,,,,,,,,,,,,,,,,,,,,,,,,,Traced,True,3
19.0,14.0,539495,L2,10350.0,L2_R,R,Roughly traced,ol_intrinsic,L2,VFB_jrmc2fcc,,,,,,,,,,,,,,,,,,,,,,,,,Traced,True,3
30.0,29.0,539584,L2,10350.0,L2_L,L,Prelim Roughly traced,ol_intrinsic,L2,VFB_jrmc2f5w,,,,,,,,,,,,,,,,,,,,,,,,,Traced,True,4
18.0,11.0,539766,L2,10350.0,L2_L,L,Prelim Roughly traced,ol_intrinsic,L2,VFB_jrmc2fjm,,,,,,,,,,,,,,,,,,,,,,,,,Traced,True,3
11.0,3.0,539883,L2,10350.0,L2_L,L,Prelim Roughly traced,ol_intrinsic,L2,VFB_jrmc2g6i,,,,,,,,,,,,,,,,,,,,,,,,,Traced,True,4
24.0,30.0,539893,L2,10350.0,L2_L,L,Prelim Roughly traced,ol_intrinsic,L2,VFB_jrmc2g1s,,,,,,,,,,,,,,,,,,,,,,,,,Traced,True,3
30.0,21.0,540018,L2,10350.0,L2_L,L,Prelim Roughly traced,ol_intrinsic,L2,VFB_jrmc2f99,,,,,,,,,,,,,,,,,,,,,,,,,Traced,True,4
12.0,5.0,540043,L2,10350.0,L2_L,L,Prelim Roughly traced,ol_intrinsic,L2,VFB_jrmc2fbe,,,,,,,,,,,,,,,,,,,,,,,,,Traced,True,3
10.0,15.0,540047,L2,10350.0,L2_L,L,Prelim Roughly traced,ol_intrinsic,L2,VFB_jrmc2fzs,,,,,,,,,,,,,,,,,,,,,,,,,Traced,True,4
27.0,28.0,540081,L2,10350.0,L2_L,L,Prelim Roughly traced,ol_intrinsic,L2,VFB_jrmc2g2i,,,,,,,,,,,,,,,,,,,,,,,,,Traced,True,4
10.0,5.0,540253,L2,10350.0,L2_L,L,Prelim Roughly traced,ol_intrinsic,L2,VFB_jrmc2f33,,,,,,,,,,,,,,,,,,,,,,,,,Traced,True,4
25.0,33.0,540419,L2,10350.0,L2_L,L,Prelim Roughly traced,ol_intrinsic,L2,VFB_jrmc2f8z,,,,,,,,,,,,,,,,,,,,,,,,,Traced,True,3
15.0,14.0,540449,L2,10350.0,L2_L,L,Prelim Roughly traced,ol_intrinsic,L2,VFB_jrmc2f4u,,,,,,,,,,,,,,,,,,,,,,,,,Traced,True,3
24.0,18.0,540450,L2,10350.0,L2_L,L,Prelim Roughly traced,ol_intrinsic,L2,VFB_jrmc2ey6,,,,,,,,,,,,,,,,,,,,,,,,,Traced,True,4
21.0,28.0,541528,L2,10350.0,L2_L,L,Prelim Roughly traced,ol_intrinsic,L2,VFB_jrmc2ffi,,,,,,,,,,,,,,,,,,,,,,,,,Traced,True,3
14.0,19.0,541544,L2,10350.0,L2_L,L,Prelim Roughly traced,ol_intrinsic,L2,VFB_jrmc2fb0,,,,,,,,,,,,,,,,,,,,,,,,,Traced,True,4
12.0,3.0,541556,L2,10350.0,L2_L,L,Prelim Roughly traced,ol_intrinsic,L2,VFB_jrmc2fyo,,,,,,,,,,,,,,,,,,,,,,,,,Traced,True,4
6.0,6.0,541645,L2,10350.0,L2_L,L,Prelim Roughly traced,ol_intrinsic,L2,VFB_jrmc2fap,,,,,,,,,,,,,,,,,,,,,,,,,Traced,True,4
24.0,20.0,541747,L2,10350.0,L2_L,L,Prelim Roughly traced,ol_intrinsic,L2,VFB_jrmc2fk4,,,,,,,,,,,,,,,,,,,,,,,,,Traced,True,4
33.0,28.0,541777,L2,10350.0,L2_L,L,Prelim Roughly traced,ol_intrinsic,L2,VFB_jrmc2fiw,,,,,,,,,,,,,,,,,,,,,,,[81972 21033 19599],,Traced,True,3
32.0,27.0,541785,L2,10350.0,L2_L,L,Prelim Roughly traced,ol_intrinsic,L2,VFB_jrmc2fpo,,,,,,,,,,,,,,,,,,,,,,,,,Traced,True,3
19.0,30.0,541819,L2,10350.0,L2_L,L,Prelim Roughly traced,ol_intrinsic,L2,VFB_jrmc2g6f,,,,,,,,,,,,,,,,,,,,,,,,,Traced,True,3
29.0,27.0,541824,L2,10350.0,L2_L,L,Prelim Roughly traced,ol_intrinsic,L2,VFB_jrmc2f4b,,,,,,,,,,,,,,,,,,,,,,,,,Traced,True,3
29.0,28.0,541825,L2,10350.0,L2_L,L,Prelim Roughly traced,ol_intrinsic,L2,VFB_jrmc2f95,,,,,,,,,,,,,,,,,,,,,,,,,Traced,True,3
34.0,33.0,541945,L2,10350.0,L2_L,L,Prelim Roughly traced,ol_intrinsic,L2,VFB_jrmc2f0u,,,,,,,,,,,,,,,,,,,,,,,[82576 17258 22978],,Traced,True,3
11.0,25.0,542039,L2,10350.0,L2_L,L,Prelim Roughly traced,ol_intrinsic,L2,VFB_jrmc2fm3,,,,,,,,,,,,,,,,,,,,,,,,,Traced,True,3
20.0,8.0,542093,L2,10350.0,L2_L,L,Prelim Roughly traced,ol_intrinsic,L2,VFB_jrmc2fd3,,,,,,,,,,,,,,,,,,,,,,,,,Traced,True,3
18.0,6.0,542118,L2,10350.0,L2_L,L,Prelim Roughly traced,ol_intrinsic,L2,VFB_jrmc2f1p,,,,,,,,,,,,,,,,,,,,,,,,,Traced,True,3
22.0,17.0,542127,L2,10350.0,L2_L,L,Prelim Roughly traced,ol_intrinsic,L2,VFB_jrmc2eva,,,,,,,,,,,,,,,,,,,,,,,,,Traced,True,4
24.0,35.0,542146,L2,10350.0,L2_L,L,Prelim Roughly traced,ol_intrinsic,L2,VFB_jrmc2fno,,,,,,,,,,,,,,,,,,,,,,,[90781 20203 29159],,Traced,True,3
29.0,20.0,542188,L2,10350.0,L2_L,L,Prelim Roughly traced,ol_intrinsic,L2,VFB_jrmc2fj2,,,,,,,,,,,,,,,,,,,,,,,,,Traced,True,4
35.0,24.0,542282,L2,10350.0,L2_L,L,Prelim Roughly traced,ol_intrinsic,L2,VFB_jrmc2f0l,,,,,,,,,,,,,,,,,,,,,,,[79602 23052 19132],,Traced,True,3
19.0,5.0,542314,L2,10350.0,L2_L,L,Prelim Roughly traced,ol_intrinsic,L2,VFB_jrmc2fob,,,,,,,,,,,,,,,,,,,,,,,,,Traced,True,4
10.0,18.0,542458,L2,10350.0,L2_L,L,Prelim Roughly traced,ol_intrinsic,L2,VFB_jrmc2fo8,,,,,,,,,,,,,,,,,,,,,,,,,Traced,True,3
32.0,33.0,542544,L2,10350.0,L2_L,L,Prelim Roughly traced,ol_intrinsic,L2,VFB_jrmc2fb6,,,,,,,,,,,,,,,,,,,,,,,[84994 18395 24169],,Traced,True,3
5.0,10.0,542551,L2,10350.0,L2_L,L,Prelim Roughly traced,ol_intrinsic,L2,VFB_jrmc2fwn,,,,,,,,,,,,,,,,,,,,,,,,,Traced,True,3
21.0,15.0,542598,L2,10350.0,L2_L,L,Prelim Roughly traced,ol_intrinsic,L2,VFB_jrmc2f9k,,,,,,,,,,,,,,,,,,,,,,,,,Traced,True,4
31.0,26.0,542698,L2,10350.0,L2_L,L,Prelim Roughly traced,ol_intrinsic,L2,VFB_jrmc2f62,,,,,,,,,,,,,,,,,,,,,,,,,Traced,True,4
26.0,33.0,542718,L2,10350.0,L2_L,L,Prelim Roughly traced,ol_intrinsic,L2,VFB_jrmc2fqm,,,,,,,,,,,,,,,,,,,,,,,,,Traced,True,3
30.0,16.0,542768,L2,10350.0,L2_R,R,Roughly traced,ol_intrinsic,L2,VFB_jrmc2fgm,,,,,,,,,,,,,,,,,,,,,,,,,Traced,True,4
7.0,16.0,542844,L2,10350.0,L2_L,L,Prelim Roughly traced,ol_intrinsic,L2,VFB_jrmc2g4d,,,,,,,,,,,,,,,,,,,,,,,,,Traced,True,3
15.0,8.0,542866,L2,10350.0,L2_L,L,Prelim Roughly traced,ol_intrinsic,L2,VFB_jrmc2fpe,,,,,,,,,,,,,,,,,,,,,,,,,Traced,True,3
7.0,1.0,543103,L2,10350.0,L2_L,L,Prelim Roughly traced,ol_intrinsic,L2,VFB_jrmc2fi8,,,,,,,,,,,,,,,,,,,,,,,,,Traced,True,4
21.0,26.0,543180,L2,10350.0,L2_L,L,Prelim Roughly traced,ol_intrinsic,L2,VFB_jrmc2f69,,,,,,,,,,,,,,,,,,,,,,,,,Traced,True,4
16.0,26.0,543181,L2,10350.0,L2_L,L,Prelim Roughly traced,ol_intrinsic,L2,VFB_jrmc2f09,,,,,,,,,,,,,,,,,,,,,,,,,Traced,True,3
30.0,23.0,543350,L2,10350.0,L2_L,L,Prelim Roughly traced,ol_intrinsic,L2,VFB_jrmc2f4p,,,,,,,,,,,,,,,,,,,,,,,,,Traced,True,3
21.0,29.0,543364,L2,10350.0,L2_L,L,Prelim Roughly traced,ol_intrinsic,L2,VFB_jrmc2ew8,,,,,,,,,,,,,,,,,,,,,,,,,Traced,True,3
13.0,11.0,543508,L2,10350.0,L2_L,L,Prelim Roughly traced,ol_intrinsic,L2,VFB_jrmc2fe8,,,,,,,,,,,,,,,,,,,,,,,,,Traced,True,3
27.0,26.0,543584,L2,10350.0,L2_L,L,Prelim Roughly traced,ol_intrinsic,L2,VFB_jrmc2f1t,,,,,,,,,,,,,,,,,,,,,,,,,Traced,True,3
5.0,11.0,543586,L2,10350.0,L2_L,L,Prelim Roughly traced,ol_intrinsic,L2,VFB_jrmc2fkz,,,,,,,,,,,,,,,,,,,,,,,,,Traced,True,4
30.0,20.0,543612,L2,10350.0,L2_L,L,Prelim Roughly traced,ol_intrinsic,L2,VFB_jrmc2ftu,,,,,,,,,,,,,,,,,,,,,,,,,Traced,True,3
12.0,4.0,543723,L2,10350.0,L2_L,L,Prelim Roughly traced,ol_intrinsic,L2,VFB_jrmc2f5f,,,,,,,,,,,,,,,,,,,,,,,,,Traced,True,3
29.0,25.0,543752,L2,10350.0,L2_L,L,Prelim Roughly traced,ol_intrinsic,L2,VFB_jrmc2fr6,,,,,,,,,,,,,,,,,,,,,,,,,Traced,True,3
13.0,5.0,543776,L2,10350.0,L2_L,L,Prelim Roughly traced,ol_intrinsic,L2,VFB_jrmc2f2r,,,,,,,,,,,,,,,,,,,,,,,,,Traced,True,3
17.0,23.0,543867,L2,10350.0,L2_L,L,Prelim Roughly traced,ol_intrinsic,L2,VFB_jrmc2f8n,,,,,,,,,,,,,,,,,,,,,,,,,Traced,True,3
6.0,19.0,543911,L2,10350.0,L2_L,L,Prelim Roughly traced,ol_intrinsic,L2,VFB_jrmc2f7k,,,,,,,,,,,,,,,,,,,,,,,,,Traced,True,3
21.0,12.0,544118,L2,10350.0,L2_L,L,Prelim Roughly traced,ol_intrinsic,L2,VFB_jrmc2fh4,,,,,,,,,,,,,,,,,,,,,,,,,Traced,True,4
6.0,13.0,544157,L2,10350.0,L2_L,L,Prelim Roughly traced,ol_intrinsic,L2,VFB_jrmc2fdq,,,,,,,,,,,,,,,,,,,,,,,,,Traced,True,3
11.0,2.0,544261,L2,10350.0,L2_L,L,Prelim Roughly traced,ol_intrinsic,L2,VFB_jrmc2fjx,,,,,,,,,,,,,,,,,,,,,,,,,Traced,True,4
32.0,30.0,544264,L2,10350.0,L2_L,L,Prelim Roughly traced,ol_intrinsic,L2,VFB_jrmc2ezn,,,,,,,,,,,,,,,,,,,,,,,,,Traced,True,4
31.0,31.0,544300,L2,10350.0,L2_L,L,Prelim Roughly traced,ol_intrinsic,L2,VFB_jrmc2eur,,,,,,,,,,,,,,,,,,,,,,,,,Traced,True,3
14.0,4.0,544458,L2,10350.0,L2_L,L,Prelim Roughly traced,ol_intrinsic,L2,VFB_jrmc2fjk,,,,,,,,,,,,,,,,,,,,,,,,,Traced,True,4
28.0,17.0,544490,L2,10350.0,L2_L,L,Prelim Roughly traced,ol_intrinsic,L2,VFB_jrmc2fvw,,,,,,,,,,,,,,,,,,,,,,,,,Traced,True,4
4.0,11.0,544678,L2,10350.0,L2_L,L,Prelim Roughly traced,ol_intrinsic,L2,VFB_jrmc2fin,,,,,,,,,,,,,,,,,,,,,,,,,Traced,True,4
,,544704,L2,10350.0,L2_L,L,Prelim Roughly traced,ol_intrinsic,L2,VFB_jrmc2fyv,,,,,,,,,,,,,,,,,,,,,,,,,Traced,True,4
15.0,2.0,544958,L2,10350.0,L2_L,L,Prelim Roughly traced,ol_intrinsic,L2,VFB_jrmc2fo1,,,,,,,,,,,,,,,,,,,,,,,,,Traced,True,3
16.0,19.0,544990,L2,10350.0,L2_L,L,Prelim Roughly traced,ol_intrinsic,L2,VFB_jrmc2g67,,,,,,,,,,,,,,,,,,,,,,,,,Traced,True,4
22.0,13.0,544993,L2,10350.0,L2_L,L,Prelim Roughly traced,ol_intrinsic,L2,VFB_jrmc2f7z,,,,,,,,,,,,,,,,,,,,,,,,,Traced,True,4
9.0,13.0,545298,L2,10350.0,L2_L,L,Prelim Roughly traced,ol_intrinsic,L2,VFB_jrmc2fn4,,,,,,,,,,,,,,,,,,,,,,,,,Traced,True,4
18.0,24.0,545461,L2,10350.0,L2_L,L,Prelim Roughly traced,ol_intrinsic,L2,VFB_jrmc2fy6,,,,,,,,,,,,,,,,,,,,,,,,,Traced,True,4
34.0,24.0,545484,L2,10350.0,L2_L,L,Prelim Roughly traced,ol_intrinsic,L2,VFB_jrmc2f0m,,,,,,,,,,,,,,,,,,,,,,,[79771 23313 18534],,Traced,True,4
11.0,23.0,545588,L2,10350.0,L2_L,L,Prelim Roughly traced,ol_intrinsic,L2,VFB_jrmc2fbg,,,,,,,,,,,,,,,,,,,,,,,,,Traced,True,3
17.0,6.0,546036,L2,10350.0,L2_L,L,Prelim Roughly traced,ol_intrinsic,L2,VFB_jrmc2fnc,,,,,,,,,,,,,,,,,,,,,,,,,Traced,True,3
7.0,8.0,546043,L2,10350.0,L2_L,L,Prelim Roughly traced,ol_intrinsic,L2,VFB_jrmc2g0t,,,,,,,,,,,,,,,,,,,,,,,,,Traced,True,4
18.0,22.0,546069,L2,10350.0,L2_L,L,Prelim Roughly traced,ol_intrinsic,L2,VFB_jrmc2f0r,,,,,,,,,,,,,,,,,,,,,,,,,Traced,True,4
14.0,7.0,546087,L2,10350.0,L2_L,L,Prelim Roughly traced,ol_intrinsic,L2,VFB_jrmc2fxj,,,,,,,,,,,,,,,,,,,,,,,,,Traced,True,3
18.0,20.0,546148,L2,10350.0,L2_L,L,Prelim Roughly traced,ol_intrinsic,L2,VFB_jrmc2f72,,,,,,,,,,,,,,,,,,,,,,,,,Traced,True,4
17.0,18.0,546258,L2,10350.0,L2_L,L,Prelim Roughly traced,ol_intrinsic,L2,VFB_jrmc2fg5,,,,,,,,,,,,,,,,,,,,,,,,,Traced,True,3
12.0,19.0,546491,L2,10350.0,L2_L,L,Prelim Roughly traced,ol_intrinsic,L2,VFB_jrmc2fmy,,,,,,,,,,,,,,,,,,,,,,,,,Traced,True,3
15.0,17.0,546642,L2,10350.0,L2_L,L,Prelim Roughly traced,ol_intrinsic,L2,VFB_jrmc2fcz,,,,,,,,,,,,,,,,,,,,,,,,,Traced,True,4
24.0,36.0,546678,L2,10350.0,L2_L,L,Prelim Roughly traced,ol_intrinsic,L2,VFB_jrmc2fg9,,,,,,,,,,,,,,,,,,,,,,,[91451 20249 30337],,Traced,True,3
,,546930,L2,10350.0,L2_L,L,Prelim Roughly traced,ol_intrinsic,L2,VFB_jrmc2fo7,,,,,,,,,,,,,,,,,,,,,,,,,Traced,True,4
17.0,21.0,547045,L2,10350.0,L2_L,L,Prelim Roughly traced,ol_intrinsic,L2,VFB_jrmc2eu0,,,,,,,,,,,,,,,,,,,,,,,,,Traced,True,4
3.0,6.0,547774,L2,10350.0,L2_L,L,Prelim Roughly traced,ol_intrinsic,L2,VFB_jrmc2g2x,,,,,,,,,,,,,,,,,,,,,,,,,Traced,True,4
20.0,23.0,547946,L2,10350.0,L2_L,L,Prelim Roughly traced,ol_intrinsic,L2,VFB_jrmc2f4x,,,,,,,,,,,,,,,,,,,,,,,,,Traced,True,4
16.0,30.0,548040,L2,10350.0,L2_L,L,Prelim Roughly traced,ol_intrinsic,L2,VFB_jrmc2fnu,,,,,,,,,,,,,,,,,,,,,,,,,Traced,True,3
5.0,2.0,548395,L2,10350.0,L2_L,L,Prelim Roughly traced,ol_intrinsic,L2,VFB_jrmc2fou,,,,,,,,,,,,,,,,,,,,,,,,,Traced,True,4
26.0,38.0,548399,L2,10350.0,L2_L,L,Reviewed,ol_intrinsic,L2,VFB_jrmc2fqd,,,,,,,,,,,,,,,,,,,,,,,,,Traced,True,3
15.0,33.0,548614,L2,10350.0,L2_L,L,Reviewed,ol_intrinsic,L2,VFB_jrmc2fmu,,,,,,,,,,,,,,,,,,,,,,,[92954 26790 30918],,Traced,True,3
13.0,1.0,548929,L2,10350.0,L2_L,L,Prelim Roughly traced,ol_intrinsic,L2,VFB_jrmc2ffq,,,,,,,,,,,,,,,,,,,,,,,,,Traced,True,4
7.0,19.0,549025,L2,10350.0,L2_L,L,Prelim Roughly traced,ol_intrinsic,L2,VFB_jrmc2fkf,,,,,,,,,,,,,,,,,,,,,,,,,Traced,True,3
9.0,3.0,549130,L2,10350.0,L2_L,L,Prelim Roughly traced,ol_intrinsic,L2,VFB_jrmc2g02,,,,,,,,,,,,,,,,,,,,,,,,,Traced,True,4
10.0,17.0,549178,L2,10350.0,L2_L,L,Prelim Roughly traced,ol_intrinsic,L2,VFB_jrmc2fue,,,,,,,,,,,,,,,,,,,,,,,,,Traced,True,3
35.0,36.0,549244,L2,10350.0,L2_L,L,Reviewed,ol_intrinsic,L2,VFB_jrmc2exw,,,,,,,,,,,,,,,,,,,,,,,[82062 15015 25552],,Traced,True,4
10.0,10.0,549332,L2,10350.0,L2_L,L,Prelim Roughly traced,ol_intrinsic,L2,VFB_jrmc2g4j,,,,,,,,,,,,,,,,,,,,,,,,,Traced,True,3
16.0,33.0,549475,L2,10350.0,L2_L,L,Reviewed,ol_intrinsic,L2,VFB_jrmc2fhq,,,,,,,,,,,,,,,,,,,,,,,[93172 26256 31024],,Traced,True,3
14.0,18.0,549681,L2,10350.0,L2_L,L,Prelim Roughly traced,ol_intrinsic,L2,VFB_jrmc2fzi,,,,,,,,,,,,,,,,,,,,,,,,,Traced,True,4
14.0,13.0,549741,L2,10350.0,L2_L,L,Prelim Roughly traced,ol_intrinsic,L2,VFB_jrmc2f10,,,,,,,,,,,,,,,,,,,,,,,,,Traced,True,3
8.0,3.0,549891,L2,10350.0,L2_L,L,Prelim Roughly traced,ol_intrinsic,L2,VFB_jrmc2f7t,,,,,,,,,,,,,,,,,,,,,,,,,Traced,True,3
8.0,9.0,550393,L2,10350.0,L2_L,L,Prelim Roughly traced,ol_intrinsic,L2,VFB_jrmc2f8r,,,,,,,,,,,,,,,,,,,,,,,,,Traced,True,4
30.0,39.0,550851,L2,10350.0,L2_L,L,Prelim Roughly traced,ol_intrinsic,L2,VFB_jrmc2exv,,,,,,,,,,,,,,,,,,,,,,,[87688 15433 30182],,Traced,True,3
2.0,12.0,550855,L2,10350.0,L2_L,L,Prelim Roughly traced,ol_intrinsic,L2,VFB_jrmc2f11,,,,,,,,,,,,,,,,,,,,,,,,,Traced,True,4
30.0,15.0,551005,L2,10350.0,L2_L,L,Prelim Roughly traced,ol_intrinsic,L2,VFB_jrmc2fe9,,,,,,,,,,,,,,,,,,,,,,,,,Traced,True,4
4.0,18.0,551034,L2,10350.0,L2_L,L,Prelim Roughly traced,ol_intrinsic,L2,VFB_jrmc2f9c,,,,,,,,,,,,,,,,,,,,,,,,,Traced,True,3
8.0,1.0,551055,L2,10350.0,L2_L,L,Prelim Roughly traced,ol_intrinsic,L2,VFB_jrmc2f9w,,,,,,,,,,,,,,,,,,,,,,,,,Traced,True,4
27.0,16.0,551380,L2,10350.0,L2_L,L,Prelim Roughly traced,ol_intrinsic,L2,VFB_jrmc2fcy,,,,,,,,,,,,,,,,,,,,,,,,,Traced,True,4
14.0,3.0,551415,L2,10350.0,L2_L,L,Prelim Roughly traced,ol_intrinsic,L2,VFB_jrmc2ew2,,,,,,,,,,,,,,,,,,,,,,,,,Traced,True,4
,,551645,L2,10350.0,L2_L,L,Prelim Roughly traced,ol_intrinsic,L2,VFB_jrmc2etv,,,,,,,,,,,,,,,,,,,,,,,,,Traced,True,3
12.0,1.0,551710,L2,10350.0,L2_L,L,Prelim Roughly traced,ol_intrinsic,L2,VFB_jrmc2g4n,,,,,,,,,,,,,,,,,,,,,,,,,Traced,True,4
32.0,23.0,553743,L2,10350.0,L2_L,L,Prelim Roughly traced,ol_intrinsic,L2,VFB_jrmc2g3b,,,,,,,,,,,,,,,,,,,,,,,[81097 24098 18226],,Traced,True,4
31.0,17.0,554015,L2,10350.0,L2_L,L,Prelim Roughly traced,ol_intrinsic,L2,VFB_jrmc2ftg,,,,,,,,,,,,,,,,,,,,,,,,,Traced,True,4
16.0,28.0,555921,L2,10350.0,L2_L,L,Prelim Roughly traced,ol_intrinsic,L2,VFB_jrmc2fbs,,,,,,,,,,,,,,,,,,,,,,,,,Traced,True,3
17.0,28.0,555948,L2,10350.0,L2_L,L,Prelim Roughly traced,ol_intrinsic,L2,VFB_jrmc2fvc,,,,,,,,,,,,,,,,,,,,,,,,,Traced,True,3
19.0,18.0,556043,L2,10350.0,L2_L,L,Prelim Roughly traced,ol_intrinsic,L2,VFB_jrmc2fga,,,,,,,,,,,,,,,,,,,,,,,,,Traced,True,4
19.0,33.0,556431,L2,10350.0,L2_L,L,Prelim Roughly traced,ol_intrinsic,L2,VFB_jrmc2fc4,,,,,,,,,,,,,,,,,,,,,,,,,Traced,True,3
17.0,26.0,556464,L2,10350.0,L2_L,L,Prelim Roughly traced,ol_intrinsic,L2,VFB_jrmc2f27,,,,,,,,,,,,,,,,,,,,,,,,,Traced,True,3
16.0,32.0,556491,L2,10350.0,L2_L,L,Prelim Roughly traced,ol_intrinsic,L2,VFB_jrmc2fe6,,,,,,,,,,,,,,,,,,,,,,,,,Traced,True,3
26.0,18.0,556831,L2,10350.0,L2_L,L,Prelim Roughly traced,ol_intrinsic,L2,VFB_jrmc2fyj,,,,,,,,,,,,,,,,,,,,,,,,,Traced,True,3
21.0,16.0,557179,L2,10350.0,L2_L,L,Prelim Roughly traced,ol_intrinsic,L2,VFB_jrmc2foi,,,,,,,,,,,,,,,,,,,,,,,,,Traced,True,4
17.0,13.0,557363,L2,10350.0,L2_L,L,Prelim Roughly traced,ol_intrinsic,L2,VFB_jrmc2ftb,,,,,,,,,,,,,,,,,,,,,,,,,Traced,True,4
27.0,13.0,557718,L2,10350.0,L2_L,L,Prelim Roughly traced,ol_intrinsic,L2,VFB_jrmc2f1w,,,,,,,,,,,,,,,,,,,,,,,,,Traced,True,4
25.0,22.0,558004,L2,10350.0,L2_L,L,Prelim Roughly traced,ol_intrinsic,L2,VFB_jrmc2f1f,,,,,,,,,,,,,,,,,,,,,,,,,Traced,True,3
4.0,8.0,558169,L2,10350.0,L2_L,L,Prelim Roughly traced,ol_intrinsic,L2,VFB_jrmc2fsl,,,,,,,,,,,,,,,,,,,,,,,,,Traced,True,4
13.0,24.0,559189,L2,10350.0,L2_L,L,Prelim Roughly traced,ol_intrinsic,L2,VFB_jrmc2fib,,,,,,,,,,,,,,,,,,,,,,,,,Traced,True,3
20.0,31.0,559318,L2,10350.0,L2_L,L,Prelim Roughly traced,ol_intrinsic,L2,VFB_jrmc2f5m,,,,,,,,,,,,,,,,,,,,,,,,,Traced,True,3
27.0,27.0,559389,L2,10350.0,L2_L,L,Prelim Roughly traced,ol_intrinsic,L2,VFB_jrmc2ftt,,,,,,,,,,,,,,,,,,,,,,,,,Traced,True,4
26.0,23.0,559517,L2,10350.0,L2_L,L,Prelim Roughly traced,ol_intrinsic,L2,VFB_jrmc2g4f,,,,,,,,,,,,,,,,,,,,,,,,,Traced,True,3
18.0,21.0,559576,L2,10350.0,L2_L,L,Prelim Roughly traced,ol_intrinsic,L2,VFB_jrmc2g1u,,,,,,,,,,,,,,,,,,,,,,,,,Traced,True,4
25.0,27.0,559585,L2,10350.0,L2_L,L,Prelim Roughly traced,ol_intrinsic,L2,VFB_jrmc2g1e,,,,,,,,,,,,,,,,,,,,,,,,,Traced,True,3
19.0,29.0,559835,L2,10350.0,L2_L,L,Prelim Roughly traced,ol_intrinsic,L2,VFB_jrmc2f6g,,,,,,,,,,,,,,,,,,,,,,,,,Traced,True,3
10.0,12.0,559935,L2,10350.0,L2_L,L,Prelim Roughly traced,ol_intrinsic,L2,VFB_jrmc2fn9,,,,,,,,,,,,,,,,,,,,,,,,,Traced,True,4
20.0,9.0,560030,L2,10350.0,L2_L,L,Prelim Roughly traced,ol_intrinsic,L2,VFB_jrmc2fjo,,,,,,,,,,,,,,,,,,,,,,,,,Traced,True,3
14.0,25.0,560114,L2,10350.0,L2_L,L,Prelim Roughly traced,ol_intrinsic,L2,VFB_jrmc2evj,,,,,,,,,,,,,,,,,,,,,,,,,Traced,True,3
9.0,2.0,560621,L2,10350.0,L2_L,L,Prelim Roughly traced,ol_intrinsic,L2,VFB_jrmc2g2n,,,,,,,,,,,,,,,,,,,,,,,,,Traced,True,4
,,562404,L2,10350.0,L2_L,L,Prelim Roughly traced,ol_intrinsic,L2,VFB_jrmc2evv,,,,,,,,,,,,,,,,,,,,,,,,,Traced,True,4
15.0,23.0,562524,L2,10350.0,L2_L,L,Prelim Roughly traced,ol_intrinsic,L2,VFB_jrmc2fjz,,,,,,,,,,,,,,,,,,,,,,,,,Traced,True,3
6.0,5.0,562531,L2,10350.0,L2_L,L,Prelim Roughly traced,ol_intrinsic,L2,VFB_jrmc2fpy,,,,,,,,,,,,,,,,,,,,,,,,,Traced,True,4
13.0,19.0,562532,L2,10350.0,L2_L,L,Prelim Roughly traced,ol_intrinsic,L2,VFB_jrmc2g0n,,,,,,,,,,,,,,,,,,,,,,,,,Traced,True,3
8.0,25.0,562548,L2,10350.0,L2_L,L,Prelim Roughly traced,ol_intrinsic,L2,VFB_jrmc2exj,,,,,,,,,,,,,,,,,,,,,,,,,Traced,True,3
24.0,10.0,564046,L2,10350.0,L2_L,L,Reviewed,ol_intrinsic,L2,VFB_jrmc2f64,,,,,,,,,,,,,,,,,,,,,,,,,Traced,True,4
,,568554,L2,10350.0,L2_L,L,Prelim Roughly traced,ol_intrinsic,L2,VFB_jrmc2f0v,,,,,,,,,,,,,,,,,,,,,,,,,Traced,True,4
19.0,15.0,575709,L2,10350.0,L2_L,L,Prelim Roughly traced,ol_intrinsic,L2,VFB_jrmc2f2x,,,,,,,,,,,,,,,,,,,,,,,,,Traced,True,4
7.0,18.0,576176,L2,10350.0,L2_L,L,Prelim Roughly traced,ol_intrinsic,L2,VFB_jrmc2fv2,,,,,,,,,,,,,,,,,,,,,,,,,Traced,True,3
14.0,32.0,580330,L2,10350.0,L2_L,L,Prelim Roughly traced,ol_intrinsic,L2,VFB_jrmc2fbr,,,,,,,,,,,,,,,,,,,,,,,[93050 27873 30899],,Traced,True,3
35.0,25.0,580858,L2,10350.0,L2_L,L,Prelim Roughly traced,ol_intrinsic,L2,VFB_jrmc2fth,,,,,,,,,,,,,,,,,,,,,,,[79564 22578 19674],,Traced,True,3
14.0,15.0,586809,L2,10350.0,L2_L,L,Prelim Roughly traced,ol_intrinsic,L2,VFB_jrmc2fdg,,,,,,,,,,,,,,,,,,,,,,,,,Traced,True,3
27.0,21.0,589912,L2,10350.0,L2_L,L,Reviewed,ol_intrinsic,L2,VFB_jrmc2f0b,,,,,,,,,,,,,,,,,,,,,,,,,Traced,True,4
5.0,20.0,901587,L2,10350.0,L2_L,L,Reviewed,ol_intrinsic,L2,VFB_jrmc2evq,,,,,,,,,,,,,,,,,,,,,,,,,Traced,True,3
